Time,W730,W840,W1060,W1290,W1520
2015-01-02T00:00:00,0.000,0.117,0.000,0.000,0.000
2015-01-03T00:00:00,0.000,3.575,0.109,0.000,3.134
2015-01-04T00:00:00,0.105,7.083,2.100,0.366,6.062
2015-01-05T00:00:00,1.484,0.602,5.392,2.465,0.533
2015-01-06T00:00:00,0.500,0.000,0.000,0.911,0.000
2015-01-07T00:00:00,0.136,0.342,0.000,0.015,0.000
2015-01-08T00:00:00,0.328,0.110,0.035,0.081,0.225
2015-01-09T00:00:00,1.647,0.464,0.417,0.212,0.454
2015-01-10T00:00:00,0.000,0.000,0.269,0.166,0.000
2015-01-11T00:00:00,0.000,0.000,0.000,0.044,0.000
2015-01-12T00:00:00,0.000,0.000,0.000,0.003,0.000
2015-01-13T00:00:00,0.000,0.000,0.000,0.000,0.000
2015-01-14T00:00:00,0.000,0.000,0.000,0.000,0.000
2015-01-15T00:00:00,0.000,0.002,0.000,0.000,0.000
2015-01-16T00:00:00,0.000,0.038,0.000,0.000,0.000
2015-01-17T00:00:00,0.000,0.000,0.015,0.000,0.004
2015-01-18T00:00:00,0.000,0.000,0.494,0.142,0.452
2015-01-19T00:00:00,0.000,0.000,0.213,0.663,0.000
2015-01-20T00:00:00,0.000,0.000,0.000,0.118,0.000
2015-01-21T00:00:00,0.000,0.000,0.000,0.000,0.000
2015-01-22T00:00:00,0.000,0.000,0.000,0.000,0.000
2015-01-23T00:00:00,0.000,0.089,0.000,0.000,0.000
2015-01-24T00:00:00,0.001,1.145,0.022,0.125,0.062
2015-01-25T00:00:00,0.000,0.000,0.000,0.000,0.000
2015-01-26T00:00:00,0.000,0.000,0.000,0.000,0.000
2015-01-27T00:00:00,0.000,0.000,0.000,0.000,0.000
2015-01-28T00:00:00,0.000,0.000,0.000,0.000,0.000
2015-01-29T00:00:00,0.000,0.000,0.000,0.000,0.000
2015-01-30T00:00:00,0.055,0.000,0.471,0.383,0.461
2015-01-31T00:00:00,0.168,0.000,0.035,1.117,0.000
2015-02-01T00:00:00,0.151,0.000,0.000,0.362,0.000
2015-02-02T00:00:00,0.001,0.000,0.000,0.002,0.000
2015-02-03T00:00:00,0.000,0.000,0.000,0.000,0.000
2015-02-04T00:00:00,0.000,1.913,0.000,0.000,0.000
2015-02-05T00:00:00,0.000,0.389,0.000,0.000,0.000
2015-02-06T00:00:00,0.000,0.000,0.000,0.000,0.000
2015-02-07T00:00:00,0.000,0.000,0.000,0.000,0.000
2015-02-08T00:00:00,0.000,0.000,0.000,0.000,0.000
2015-02-09T00:00:00,0.000,0.000,0.000,0.000,0.000
2015-02-10T00:00:00,0.000,0.000,0.000,0.002,0.000
2015-02-11T00:00:00,0.000,0.000,0.006,0.012,0.000
2015-02-12T00:00:00,0.000,0.000,0.000,0.000,0.000
2015-02-13T00:00:00,3.695,0.742,0.951,2.951,1.960
2015-02-14T00:00:00,2.538,0.210,0.392,2.506,0.049
2015-02-15T00:00:00,0.041,0.000,0.049,0.042,0.067
2015-02-16T00:00:00,0.073,2.184,0.115,0.054,0.658
2015-02-17T00:00:00,0.000,0.000,0.000,0.000,0.000
2015-02-18T00:00:00,0.000,0.000,0.060,0.000,0.420
2015-02-19T00:00:00,0.243,1.808,1.999,0.236,4.658
2015-02-20T00:00:00,0.057,2.089,0.390,0.796,0.132
2015-02-21T00:00:00,0.000,0.000,0.000,0.000,0.005
2015-02-22T00:00:00,0.237,0.000,1.808,1.417,0.379
2015-02-23T00:00:00,0.000,0.002,0.000,0.000,0.000
2015-02-24T00:00:00,0.000,0.000,0.023,0.000,0.538
2015-02-25T00:00:00,0.000,0.000,0.000,0.000,0.000
2015-02-26T00:00:00,0.044,0.003,0.566,2.236,0.000
2015-02-27T00:00:00,0.205,0.241,4.582,6.842,3.399
2015-02-28T00:00:00,0.084,0.604,0.122,1.953,0.334
2015-03-01T00:00:00,0.000,0.000,0.000,0.033,0.000
2015-03-02T00:00:00,0.104,3.829,0.299,0.000,1.954
2015-03-03T00:00:00,0.173,5.662,0.181,0.297,3.093
2015-03-04T00:00:00,0.263,7.632,0.112,3.103,0.035
2015-03-05T00:00:00,0.111,0.522,1.419,3.695,1.068
2015-03-06T00:00:00,0.000,0.000,0.000,0.104,0.000
2015-03-07T00:00:00,0.052,0.000,0.908,1.751,0.000
2015-03-08T00:00:00,0.000,0.000,0.000,0.000,0.000
2015-03-09T00:00:00,0.000,0.053,0.000,0.003,0.000
2015-03-10T00:00:00,0.008,0.132,0.000,0.086,0.000
2015-03-11T00:00:00,0.665,0.000,0.000,1.609,0.000
2015-03-12T00:00:00,0.000,0.000,0.000,0.000,0.000
2015-03-13T00:00:00,0.000,0.000,0.000,0.000,0.000
2015-03-14T00:00:00,0.000,0.000,0.000,0.000,0.000
2015-03-15T00:00:00,0.000,3.921,0.026,0.058,0.000
2015-03-16T00:00:00,0.000,0.319,0.000,0.000,0.000
2015-03-17T00:00:00,0.101,2.206,0.000,0.480,0.006
2015-03-18T00:00:00,0.116,0.000,0.000,0.495,0.000
2015-03-19T00:00:00,0.610,1.972,1.179,3.205,6.391
2015-03-20T00:00:00,0.264,0.290,0.000,0.698,0.000
2015-03-21T00:00:00,0.000,0.000,0.000,0.000,0.000
2015-03-22T00:00:00,0.000,0.000,0.000,0.000,0.000
2015-03-23T00:00:00,0.000,0.000,0.000,0.000,0.000
2015-03-24T00:00:00,0.095,0.363,0.085,0.096,0.295
2015-03-25T00:00:00,0.000,0.087,0.000,0.049,0.007
2015-03-26T00:00:00,0.000,0.049,0.531,0.092,0.031
2015-03-27T00:00:00,0.000,0.877,0.023,0.054,0.779
2015-03-28T00:00:00,0.228,8.868,7.422,2.978,5.771
2015-03-29T00:00:00,0.016,0.172,0.826,1.916,0.014
2015-03-30T00:00:00,0.000,0.909,0.000,0.000,0.131
2015-03-31T00:00:00,0.184,7.317,2.086,5.113,9.068
2015-04-01T00:00:00,0.512,0.105,0.756,2.935,0.578
2015-04-02T00:00:00,0.816,0.088,7.979,15.520,4.280
2015-04-03T00:00:00,0.093,0.939,10.847,5.110,1.398
2015-04-04T00:00:00,0.337,1.254,7.752,4.205,1.951
2015-04-05T00:00:00,2.848,2.848,12.040,18.665,5.969
2015-04-06T00:00:00,0.419,0.234,6.676,1.493,1.401
2015-04-07T00:00:00,1.116,0.034,0.868,3.258,0.000
2015-04-08T00:00:00,0.140,0.155,0.273,0.878,0.278
2015-04-09T00:00:00,0.264,0.272,1.478,9.554,0.129
2015-04-10T00:00:00,0.801,0.000,2.189,7.424,0.000
2015-04-11T00:00:00,0.216,0.000,0.798,0.664,0.016
2015-04-12T00:00:00,0.014,0.007,0.298,0.720,0.859
2015-04-13T00:00:00,0.044,0.470,0.484,0.186,2.091
2015-04-14T00:00:00,0.940,6.911,0.101,0.277,1.929
2015-04-15T00:00:00,2.368,0.064,4.091,2.543,0.070
2015-04-16T00:00:00,0.385,0.601,0.000,0.037,0.000
2015-04-17T00:00:00,0.247,0.622,0.258,4.727,0.000
2015-04-18T00:00:00,0.934,1.544,22.063,8.044,15.720
2015-04-19T00:00:00,1.746,1.104,8.784,12.592,15.124
2015-04-20T00:00:00,0.000,0.000,0.122,1.563,0.028
2015-04-21T00:00:00,0.000,0.000,10.231,0.054,7.424
2015-04-22T00:00:00,0.488,2.200,16.244,4.798,9.727
2015-04-23T00:00:00,1.538,2.106,7.605,15.670,2.716
2015-04-24T00:00:00,0.741,1.135,8.502,6.349,6.631
2015-04-25T00:00:00,0.561,0.790,7.121,2.693,13.010
2015-04-26T00:00:00,0.800,3.584,2.422,0.765,0.366
2015-04-27T00:00:00,0.870,0.674,0.458,1.668,1.112
2015-04-28T00:00:00,0.053,0.364,0.162,0.362,1.852
2015-04-29T00:00:00,0.466,0.638,5.172,0.506,17.182
2015-04-30T00:00:00,3.552,3.568,4.225,1.777,3.232
2015-05-01T00:00:00,1.441,4.106,1.487,3.186,1.401
2015-05-02T00:00:00,0.134,0.652,6.073,0.293,3.751
2015-05-03T00:00:00,0.095,1.395,2.778,5.835,6.521
2015-05-04T00:00:00,0.141,0.051,6.133,13.044,0.194
2015-05-05T00:00:00,1.131,0.000,3.691,4.442,1.306
2015-05-06T00:00:00,0.001,0.000,3.744,0.011,1.673
2015-05-07T00:00:00,0.787,0.012,2.791,0.939,0.291
2015-05-08T00:00:00,0.074,0.052,5.151,0.403,6.704
2015-05-09T00:00:00,0.038,0.000,0.309,8.448,0.000
2015-05-10T00:00:00,0.000,0.010,1.975,0.000,3.736
2015-05-11T00:00:00,2.450,1.088,5.611,2.793,7.395
2015-05-12T00:00:00,3.752,3.605,1.614,0.764,1.195
2015-05-13T00:00:00,1.314,0.524,1.716,3.389,2.357
2015-05-14T00:00:00,0.150,0.463,4.897,4.274,4.274
2015-05-15T00:00:00,0.102,0.028,22.064,7.548,9.583
2015-05-16T00:00:00,1.019,0.906,7.481,10.836,10.709
2015-05-17T00:00:00,4.027,0.212,5.409,14.735,3.657
2015-05-18T00:00:00,6.806,0.042,20.466,17.384,1.304
2015-05-19T00:00:00,0.401,0.573,0.739,1.335,0.875
2015-05-20T00:00:00,0.003,0.054,0.017,0.017,1.375
2015-05-21T00:00:00,1.229,2.844,0.198,0.898,8.583
2015-05-22T00:00:00,0.301,1.601,5.818,5.396,10.170
2015-05-23T00:00:00,0.772,0.372,24.499,21.162,3.611
2015-05-24T00:00:00,0.231,1.173,19.314,17.716,12.221
2015-05-25T00:00:00,0.316,0.380,12.478,3.382,4.349
2015-05-26T00:00:00,1.534,0.131,12.772,4.550,7.944
2015-05-27T00:00:00,0.755,0.544,5.888,2.712,7.415
2015-05-28T00:00:00,0.281,1.638,13.524,7.732,15.517
2015-05-29T00:00:00,1.955,0.415,20.813,17.439,4.171
2015-05-30T00:00:00,0.244,0.018,6.102,0.502,10.710
2015-05-31T00:00:00,0.259,4.497,10.373,11.735,12.351
2015-06-01T00:00:00,0.307,2.262,10.295,20.319,3.725
2015-06-02T00:00:00,0.755,0.503,6.834,16.425,9.206
2015-06-03T00:00:00,0.039,0.400,11.973,0.934,1.204
2015-06-04T00:00:00,0.089,0.601,12.578,0.913,6.412
2015-06-05T00:00:00,0.197,0.592,8.931,8.306,0.093
2015-06-06T00:00:00,5.312,0.005,5.007,22.412,3.955
2015-06-07T00:00:00,0.411,0.016,9.296,14.770,1.698
2015-06-08T00:00:00,0.496,0.047,27.730,21.485,0.971
2015-06-09T00:00:00,7.239,0.151,16.640,39.649,6.026
2015-06-10T00:00:00,3.305,3.450,22.507,18.890,5.925
2015-06-11T00:00:00,0.468,0.569,15.967,0.547,39.209
2015-06-12T00:00:00,13.035,5.895,14.681,6.342,25.283
2015-06-13T00:00:00,6.833,2.651,12.134,19.649,17.135
2015-06-14T00:00:00,4.447,1.440,6.126,13.456,5.703
2015-06-15T00:00:00,4.500,0.580,3.998,9.407,9.392
2015-06-16T00:00:00,2.347,0.435,16.647,5.988,7.040
2015-06-17T00:00:00,1.652,0.064,11.747,8.963,22.811
2015-06-18T00:00:00,0.930,0.700,4.642,4.923,4.703
2015-06-19T00:00:00,3.016,0.337,8.024,12.641,17.013
2015-06-20T00:00:00,10.457,1.828,0.363,16.327,0.918
2015-06-21T00:00:00,8.016,1.999,6.870,12.099,1.844
2015-06-22T00:00:00,0.518,3.068,12.488,14.038,2.564
2015-06-23T00:00:00,2.385,0.633,17.975,4.260,18.158
2015-06-24T00:00:00,1.754,2.703,12.027,17.473,10.053
2015-06-25T00:00:00,9.035,3.568,13.595,10.199,18.650
2015-06-26T00:00:00,0.011,3.013,3.409,0.045,14.106
2015-06-27T00:00:00,0.243,3.627,15.695,1.308,21.326
2015-06-28T00:00:00,1.345,3.632,11.161,6.334,15.466
2015-06-29T00:00:00,1.019,5.596,3.854,6.083,6.816
2015-06-30T00:00:00,0.989,1.158,0.409,5.401,8.383
2015-07-01T00:00:00,0.204,0.594,6.747,15.646,8.551
2015-07-02T00:00:00,2.689,2.799,9.154,8.550,5.720
2015-07-03T00:00:00,0.820,0.335,4.510,3.581,7.500
2015-07-04T00:00:00,6.696,4.902,3.775,15.916,2.501
2015-07-05T00:00:00,0.421,1.077,20.406,13.173,12.319
2015-07-06T00:00:00,0.001,2.772,5.808,0.349,3.061
2015-07-07T00:00:00,1.181,1.044,5.036,1.185,6.934
2015-07-08T00:00:00,14.130,11.096,3.583,2.375,5.574
2015-07-09T00:00:00,8.933,3.493,5.654,2.460,6.000
2015-07-10T00:00:00,0.158,4.490,1.027,0.985,6.166
2015-07-11T00:00:00,0.697,2.444,12.649,2.550,15.558
2015-07-12T00:00:00,0.603,3.233,1.117,5.503,2.022
2015-07-13T00:00:00,0.956,0.902,0.784,1.662,0.762
2015-07-14T00:00:00,3.810,1.291,4.098,2.407,0.746
2015-07-15T00:00:00,3.381,1.373,37.604,26.458,38.759
2015-07-16T00:00:00,1.257,5.429,19.226,5.996,21.697
2015-07-17T00:00:00,0.090,14.582,1.193,0.550,0.693
2015-07-18T00:00:00,0.033,0.787,4.230,0.339,0.167
2015-07-19T00:00:00,0.010,0.476,1.842,0.096,2.457
2015-07-20T00:00:00,2.131,2.448,21.482,10.093,10.159
2015-07-21T00:00:00,2.574,3.862,10.090,8.436,8.249
2015-07-22T00:00:00,2.515,0.365,10.749,9.513,12.224
2015-07-23T00:00:00,0.164,1.956,7.170,21.178,6.003
2015-07-24T00:00:00,0.171,5.386,6.800,11.213,8.347
2015-07-25T00:00:00,0.360,1.428,21.391,4.797,12.211
2015-07-26T00:00:00,0.002,1.501,0.097,0.000,0.645
2015-07-27T00:00:00,0.167,2.986,0.395,0.177,2.014
2015-07-28T00:00:00,0.822,2.186,2.184,0.726,4.913
2015-07-29T00:00:00,0.500,0.852,0.310,2.177,0.511
2015-07-30T00:00:00,0.254,2.722,0.620,0.488,0.537
2015-07-31T00:00:00,0.686,8.644,3.554,0.799,6.254
2015-08-01T00:00:00,2.725,6.795,9.086,6.115,7.785
2015-08-02T00:00:00,1.170,3.089,2.272,0.361,12.672
2015-08-03T00:00:00,1.463,3.785,0.876,5.209,6.194
2015-08-04T00:00:00,0.107,0.501,2.078,2.775,5.187
2015-08-05T00:00:00,2.206,1.818,6.005,23.966,0.893
2015-08-06T00:00:00,4.550,5.310,1.703,9.639,9.571
2015-08-07T00:00:00,10.335,9.589,10.695,11.755,8.148
2015-08-08T00:00:00,1.973,5.378,7.156,5.165,10.396
2015-08-09T00:00:00,3.431,1.335,10.568,4.209,7.772
2015-08-10T00:00:00,0.028,0.156,11.174,1.100,2.094
2015-08-11T00:00:00,0.338,3.109,0.783,8.438,6.451
2015-08-12T00:00:00,0.674,5.358,16.686,7.965,8.151
2015-08-13T00:00:00,0.366,2.040,12.199,2.289,2.388
2015-08-14T00:00:00,4.321,3.022,4.616,9.229,3.119
2015-08-15T00:00:00,1.368,3.261,1.532,6.237,3.069
2015-08-16T00:00:00,6.414,4.679,2.157,15.041,7.248
2015-08-17T00:00:00,7.142,3.392,3.997,9.373,13.911
2015-08-18T00:00:00,11.054,8.087,18.132,23.497,12.209
2015-08-19T00:00:00,14.705,8.731,16.472,10.051,16.776
2015-08-20T00:00:00,12.901,4.586,19.325,44.405,37.107
2015-08-21T00:00:00,7.374,1.754,28.704,24.706,65.571
2015-08-22T00:00:00,5.732,11.645,3.221,10.419,26.882
2015-08-23T00:00:00,9.560,4.096,5.148,9.246,6.409
2015-08-24T00:00:00,3.372,1.434,12.425,9.149,9.217
2015-08-25T00:00:00,3.095,0.085,12.197,7.005,4.939
2015-08-26T00:00:00,0.585,1.027,2.240,2.569,6.314
2015-08-27T00:00:00,3.314,5.221,5.356,21.502,3.079
2015-08-28T00:00:00,3.966,2.739,20.489,12.517,13.563
2015-08-29T00:00:00,6.908,6.854,7.776,31.978,8.570
2015-08-30T00:00:00,6.371,0.766,40.368,70.823,14.844
2015-08-31T00:00:00,1.422,4.898,22.575,17.238,35.660
2015-09-01T00:00:00,0.429,2.882,16.033,6.851,7.292
2015-09-02T00:00:00,5.083,0.275,8.529,16.469,16.447
2015-09-03T00:00:00,3.768,0.036,5.395,5.689,6.660
2015-09-04T00:00:00,1.151,1.230,19.263,1.574,29.502
2015-09-05T00:00:00,4.453,0.650,4.832,15.409,8.291
2015-09-06T00:00:00,3.403,0.654,5.727,11.948,18.332
2015-09-07T00:00:00,1.165,0.265,1.179,3.450,3.717
2015-09-08T00:00:00,0.355,0.122,1.997,3.548,0.313
2015-09-09T00:00:00,0.000,0.844,1.658,0.000,5.792
2015-09-10T00:00:00,0.063,0.000,0.000,0.096,0.000
2015-09-11T00:00:00,0.508,0.273,8.619,8.605,0.842
2015-09-12T00:00:00,2.080,2.073,8.580,1.513,14.442
2015-09-13T00:00:00,3.102,5.488,0.300,3.181,1.635
2015-09-14T00:00:00,5.000,1.126,1.865,7.702,0.989
2015-09-15T00:00:00,1.920,3.590,11.439,4.354,14.573
2015-09-16T00:00:00,0.285,0.101,0.340,0.412,1.838
2015-09-17T00:00:00,5.484,0.018,0.020,11.333,0.193
2015-09-18T00:00:00,5.586,0.009,0.010,11.109,0.097
2015-09-19T00:00:00,1.178,0.895,0.184,1.706,0.232
2015-09-20T00:00:00,3.274,0.100,12.633,18.463,10.217
2015-09-21T00:00:00,0.588,3.229,10.910,4.526,26.926
2015-09-22T00:00:00,8.616,1.138,7.540,19.534,45.042
2015-09-23T00:00:00,0.103,2.826,27.238,6.536,17.440
2015-09-24T00:00:00,0.752,1.462,13.210,6.005,15.055
2015-09-25T00:00:00,0.525,0.375,5.268,13.548,5.666
2015-09-26T00:00:00,0.213,0.008,0.005,0.642,0.162
2015-09-27T00:00:00,0.002,0.066,0.019,0.000,0.185
2015-09-28T00:00:00,0.000,0.003,0.000,0.000,0.020
2015-09-29T00:00:00,0.000,0.083,0.000,0.000,0.000
2015-09-30T00:00:00,0.004,0.000,0.000,0.013,0.000
2015-10-01T00:00:00,0.007,0.000,0.000,0.000,0.000
2015-10-02T00:00:00,0.150,0.742,0.241,0.283,0.046
2015-10-03T00:00:00,0.127,4.795,2.897,0.763,1.143
2015-10-04T00:00:00,0.193,0.948,0.255,0.335,2.336
2015-10-05T00:00:00,0.250,0.000,0.000,0.341,0.000
2015-10-06T00:00:00,0.142,0.198,4.773,0.264,3.497
2015-10-07T00:00:00,0.000,0.000,0.315,0.000,0.056
2015-10-08T00:00:00,0.061,0.000,4.425,3.077,0.993
2015-10-09T00:00:00,0.118,0.000,1.188,1.627,0.111
2015-10-10T00:00:00,0.404,0.003,4.445,17.064,0.049
2015-10-11T00:00:00,0.933,1.571,11.049,9.169,8.547
2015-10-12T00:00:00,0.902,1.311,2.771,1.654,1.709
2015-10-13T00:00:00,0.008,0.000,0.012,0.020,0.000
2015-10-14T00:00:00,0.001,0.791,1.915,0.025,1.442
2015-10-15T00:00:00,0.081,1.950,1.099,7.952,0.714
2015-10-16T00:00:00,0.021,2.952,0.375,0.460,0.316
2015-10-17T00:00:00,0.905,1.620,0.854,0.478,0.886
2015-10-18T00:00:00,0.281,0.028,0.456,0.304,0.008
2015-10-19T00:00:00,0.008,0.000,0.011,0.009,0.000
2015-10-20T00:00:00,0.000,0.000,0.000,0.000,0.000
2015-10-21T00:00:00,0.000,0.000,0.000,0.000,0.000
2015-10-22T00:00:00,0.000,0.009,0.000,0.000,0.000
2015-10-23T00:00:00,0.042,0.147,10.317,0.950,4.028
2015-10-24T00:00:00,0.078,0.481,0.143,1.057,0.100
2015-10-25T00:00:00,0.004,0.005,0.000,0.084,0.058
2015-10-26T00:00:00,0.000,0.000,0.000,0.000,0.000
2015-10-27T00:00:00,0.000,0.000,0.000,0.000,0.000
2015-10-28T00:00:00,0.000,0.000,0.000,0.000,0.000
2015-10-29T00:00:00,0.000,0.467,0.000,0.000,0.000
2015-10-30T00:00:00,0.000,2.268,0.000,0.005,0.000
2015-10-31T00:00:00,0.000,1.291,0.025,0.000,0.012
2015-11-01T00:00:00,2.482,0.167,4.266,1.918,0.924
2015-11-02T00:00:00,0.000,0.000,0.188,0.014,0.012
2015-11-03T00:00:00,0.000,0.000,0.000,0.014,0.000
2015-11-04T00:00:00,1.458,0.019,7.955,8.672,0.992
2015-11-05T00:00:00,0.119,0.071,8.156,1.924,0.135
2015-11-06T00:00:00,0.004,0.460,0.020,0.039,0.131
2015-11-07T00:00:00,0.025,0.000,0.000,0.340,0.000
2015-11-08T00:00:00,0.047,0.000,0.000,0.170,0.000
2015-11-09T00:00:00,0.000,0.000,0.000,0.000,0.000
2015-11-10T00:00:00,0.000,0.000,0.000,0.000,0.000
2015-11-11T00:00:00,0.016,0.000,0.000,0.016,0.000
2015-11-12T00:00:00,0.023,0.223,0.000,0.000,0.000
2015-11-13T00:00:00,0.000,0.000,0.000,0.000,0.000
2015-11-14T00:00:00,0.000,0.000,0.000,0.000,0.000
2015-11-15T00:00:00,0.000,0.000,0.000,0.000,0.000
2015-11-16T00:00:00,0.000,0.000,0.000,0.000,0.000
2015-11-17T00:00:00,0.062,0.000,0.224,3.311,0.000
2015-11-18T00:00:00,0.011,0.000,0.000,0.015,0.000
2015-11-19T00:00:00,0.011,0.000,0.000,0.015,0.022
2015-11-20T00:00:00,0.000,0.000,0.000,0.000,0.000
2015-11-21T00:00:00,0.000,0.000,0.000,0.000,0.000
2015-11-22T00:00:00,0.000,0.000,0.000,0.000,0.000
2015-11-23T00:00:00,0.000,0.000,0.000,0.000,0.000
2015-11-24T00:00:00,0.000,0.000,0.000,0.000,0.000
2015-11-25T00:00:00,0.000,0.000,0.000,0.000,0.000
2015-11-26T00:00:00,0.000,0.000,0.000,0.000,0.000
2015-11-27T00:00:00,0.000,0.000,0.000,0.000,0.000
2015-11-28T00:00:00,0.000,0.010,0.000,0.000,0.000
2015-11-29T00:00:00,0.000,0.000,0.000,0.000,0.000
2015-11-30T00:00:00,0.000,0.000,0.000,0.000,0.000
2015-12-01T00:00:00,0.000,0.000,0.000,0.000,0.000
2015-12-02T00:00:00,0.000,0.000,0.000,0.000,0.000
2015-12-03T00:00:00,0.000,0.000,0.000,0.000,0.000
2015-12-04T00:00:00,0.629,0.013,22.568,3.540,2.758
2015-12-05T00:00:00,0.000,0.000,0.000,0.401,0.000
2015-12-06T00:00:00,0.000,0.000,0.000,0.000,0.000
2015-12-07T00:00:00,0.000,0.000,0.000,0.000,0.000
2015-12-08T00:00:00,0.000,0.000,0.097,0.000,0.011
2015-12-09T00:00:00,0.000,0.000,0.069,0.070,0.015
2015-12-10T00:00:00,0.000,0.000,0.000,0.000,0.000
2015-12-11T00:00:00,0.000,0.000,0.000,0.000,0.000
2015-12-12T00:00:00,0.016,0.016,0.065,0.371,0.000
2015-12-13T00:00:00,0.051,0.000,1.422,2.316,0.053
2015-12-14T00:00:00,0.011,0.000,0.050,0.468,0.000
2015-12-15T00:00:00,0.039,0.000,0.508,1.267,0.032
2015-12-16T00:00:00,0.000,0.000,0.000,0.000,0.000
2015-12-17T00:00:00,0.000,0.000,0.000,0.000,0.010
2015-12-18T00:00:00,0.000,0.000,0.000,0.050,0.000
2015-12-19T00:00:00,0.017,0.007,0.635,0.004,0.198
2015-12-20T00:00:00,0.000,0.000,0.000,0.129,0.000
2015-12-21T00:00:00,0.000,0.000,0.000,0.025,0.000
2015-12-22T00:00:00,0.000,0.000,0.000,0.000,0.000
2015-12-23T00:00:00,0.000,0.000,0.000,0.000,0.000
2015-12-24T00:00:00,0.000,0.000,0.000,0.000,0.000
2015-12-25T00:00:00,0.001,0.000,0.000,0.002,0.000
2015-12-26T00:00:00,0.000,0.000,0.000,0.003,0.000
2015-12-27T00:00:00,0.000,0.000,0.000,0.000,0.000
2015-12-28T00:00:00,0.000,0.000,0.000,0.000,0.000
2015-12-29T00:00:00,0.000,0.000,0.000,0.000,0.000
2015-12-30T00:00:00,0.000,0.000,0.000,0.000,0.000
2015-12-31T00:00:00,0.000,0.000,0.000,0.000,0.000
2016-01-01T00:00:00,1.185,0.029,0.061,1.405,0.327
2016-01-02T00:00:00,0.321,0.000,0.006,0.489,0.000
2016-01-03T00:00:00,0.000,0.000,0.000,0.000,0.000
2016-01-04T00:00:00,0.000,0.000,0.000,0.001,0.000
2016-01-05T00:00:00,0.000,0.000,0.000,0.000,0.000
2016-01-06T00:00:00,0.121,0.007,0.000,0.011,0.000
2016-01-07T00:00:00,0.000,0.000,0.026,0.000,0.003
2016-01-08T00:00:00,0.000,0.000,0.001,0.000,0.000
2016-01-09T00:00:00,0.301,0.000,1.797,6.423,0.005
2016-01-10T00:00:00,0.525,0.092,5.325,2.157,0.381
2016-01-11T00:00:00,0.000,0.000,0.000,0.000,0.003
2016-01-12T00:00:00,0.000,0.000,0.000,0.000,0.000
2016-01-13T00:00:00,0.000,0.000,0.000,0.000,0.000
2016-01-14T00:00:00,0.000,0.013,0.018,0.000,0.151
2016-01-15T00:00:00,0.000,0.000,0.000,0.000,0.000
2016-01-16T00:00:00,0.051,0.000,1.102,0.930,0.007
2016-01-17T00:00:00,0.001,0.000,0.086,0.020,0.000
2016-01-18T00:00:00,0.000,0.003,0.000,0.000,0.000
2016-01-19T00:00:00,0.000,0.008,0.000,0.000,0.000
2016-01-20T00:00:00,0.524,0.854,1.886,0.092,5.589
2016-01-21T00:00:00,0.606,2.709,1.863,0.900,0.338
2016-01-22T00:00:00,0.004,0.234,0.726,0.164,0.390
2016-01-23T00:00:00,0.009,0.000,0.027,1.800,0.011
2016-01-24T00:00:00,0.000,0.000,0.000,0.013,0.000
2016-01-25T00:00:00,0.000,0.000,0.000,0.000,0.000
2016-01-26T00:00:00,0.004,0.000,3.985,0.597,0.000
2016-01-27T00:00:00,0.012,0.022,1.335,0.331,0.335
2016-01-28T00:00:00,0.679,0.205,1.003,0.662,0.062
2016-01-29T00:00:00,0.001,0.008,0.000,0.007,0.000
2016-01-30T00:00:00,0.000,0.000,0.020,0.000,0.002
2016-01-31T00:00:00,0.000,0.000,0.000,0.000,0.000
2016-02-01T00:00:00,0.000,0.003,0.000,0.032,0.038
2016-02-02T00:00:00,0.013,0.006,0.115,0.388,0.169
2016-02-03T00:00:00,0.000,0.001,0.000,0.000,0.079
2016-02-04T00:00:00,0.000,0.007,0.001,0.006,0.078
2016-02-05T00:00:00,0.000,0.000,0.000,0.000,0.000
2016-02-06T00:00:00,0.000,0.000,0.000,0.000,0.000
2016-02-07T00:00:00,0.000,0.000,0.000,0.000,0.000
2016-02-08T00:00:00,0.000,0.062,0.000,0.007,0.000
2016-02-09T00:00:00,0.273,2.880,3.899,5.025,1.314
2016-02-10T00:00:00,0.040,0.000,1.450,2.355,0.234
2016-02-11T00:00:00,0.114,0.004,0.238,2.733,0.055
2016-02-12T00:00:00,0.023,0.000,0.139,1.423,0.051
2016-02-13T00:00:00,0.000,0.000,0.000,0.000,0.000
2016-02-14T00:00:00,0.000,0.000,0.000,0.000,0.000
2016-02-15T00:00:00,0.000,0.000,0.000,0.000,0.000
2016-02-16T00:00:00,0.000,0.000,0.000,0.000,0.000
2016-02-17T00:00:00,0.000,0.000,0.000,0.000,0.000
2016-02-18T00:00:00,0.000,0.000,0.000,0.000,0.000
2016-02-19T00:00:00,0.000,0.000,0.000,0.000,0.000
2016-02-20T00:00:00,0.000,0.000,0.000,0.000,0.000
2016-02-21T00:00:00,0.082,0.753,0.452,3.921,0.076
2016-02-22T00:00:00,0.172,0.141,0.804,8.650,0.000
2016-02-23T00:00:00,0.073,0.000,0.187,4.015,0.000
2016-02-24T00:00:00,0.011,0.000,0.239,1.506,0.001
2016-02-25T00:00:00,0.706,0.000,3.770,8.979,0.083
2016-02-26T00:00:00,0.000,0.003,0.016,0.309,0.065
2016-02-27T00:00:00,0.012,0.040,0.027,0.000,0.153
2016-02-28T00:00:00,0.001,0.019,0.103,0.000,0.168
2016-02-29T00:00:00,0.000,0.119,0.212,0.000,0.179
2016-03-01T00:00:00,0.000,0.798,0.078,0.007,0.191
2016-03-02T00:00:00,0.024,0.026,0.005,0.266,0.000
2016-03-03T00:00:00,0.006,0.093,0.031,0.158,0.891
2016-03-04T00:00:00,0.015,0.452,0.668,0.267,1.177
2016-03-05T00:00:00,0.057,0.393,0.273,0.356,0.190
2016-03-06T00:00:00,0.065,2.120,0.128,0.000,2.217
2016-03-07T00:00:00,0.064,0.997,0.284,2.234,0.124
2016-03-08T00:00:00,0.595,0.357,0.962,6.399,2.256
2016-03-09T00:00:00,0.632,0.147,2.564,9.817,1.731
2016-03-10T00:00:00,0.135,0.003,1.096,3.723,0.013
2016-03-11T00:00:00,0.020,0.000,0.275,0.424,0.000
2016-03-12T00:00:00,0.001,0.006,0.025,0.301,0.000
2016-03-13T00:00:00,0.154,0.094,0.003,0.250,0.137
2016-03-14T00:00:00,0.457,1.923,0.992,0.609,0.053
2016-03-15T00:00:00,0.243,3.120,0.043,0.797,0.338
2016-03-16T00:00:00,0.076,0.460,0.010,2.084,0.848
2016-03-17T00:00:00,0.917,0.119,0.012,1.848,1.011
2016-03-18T00:00:00,0.000,0.002,0.000,0.080,0.000
2016-03-19T00:00:00,0.116,0.019,0.003,0.014,0.251
2016-03-20T00:00:00,0.063,0.000,0.735,0.250,0.235
2016-03-21T00:00:00,0.036,0.054,3.461,1.089,6.700
2016-03-22T00:00:00,0.314,0.220,1.263,9.565,1.492
2016-03-23T00:00:00,0.046,0.154,0.095,0.485,0.874
2016-03-24T00:00:00,0.000,0.008,0.012,0.045,0.000
2016-03-25T00:00:00,0.000,0.000,0.000,0.000,0.000
2016-03-26T00:00:00,0.000,0.000,0.000,0.000,0.000
2016-03-27T00:00:00,0.000,0.003,0.310,0.000,2.355
2016-03-28T00:00:00,0.044,0.108,4.803,1.812,10.662
2016-03-29T00:00:00,2.074,4.369,17.532,5.407,22.363
2016-03-30T00:00:00,0.030,0.032,1.579,3.281,0.036
2016-03-31T00:00:00,0.164,5.067,2.923,1.249,7.934
2016-04-01T00:00:00,0.862,1.130,9.244,2.054,27.228
2016-04-02T00:00:00,0.478,0.332,1.024,0.331,0.011
2016-04-03T00:00:00,0.000,0.000,0.308,0.011,0.191
2016-04-04T00:00:00,0.001,0.000,0.792,0.031,0.352
2016-04-05T00:00:00,0.000,0.000,4.194,0.084,0.434
2016-04-06T00:00:00,1.292,1.081,13.633,18.421,21.987
2016-04-07T00:00:00,0.091,0.965,6.618,6.826,4.731
2016-04-08T00:00:00,0.802,0.132,3.115,12.179,0.924
2016-04-09T00:00:00,0.683,0.136,1.788,16.498,0.611
2016-04-10T00:00:00,0.036,0.000,6.058,0.821,0.979
2016-04-11T00:00:00,0.015,0.000,2.122,1.119,0.087
2016-04-12T00:00:00,0.636,0.000,3.346,5.975,1.040
2016-04-13T00:00:00,1.644,0.000,1.325,17.899,0.268
2016-04-14T00:00:00,1.591,0.099,0.523,4.234,0.457
2016-04-15T00:00:00,0.726,0.161,7.072,9.190,4.570
2016-04-16T00:00:00,0.070,0.464,5.007,1.430,10.374
2016-04-17T00:00:00,0.707,0.039,20.177,7.481,11.599
2016-04-18T00:00:00,0.474,0.425,11.893,4.085,13.324
2016-04-19T00:00:00,1.247,0.379,21.307,8.224,16.096
2016-04-20T00:00:00,0.185,0.448,12.343,3.118,4.379
2016-04-21T00:00:00,0.476,0.010,25.455,22.261,9.555
2016-04-22T00:00:00,3.651,0.223,19.674,21.996,5.830
2016-04-23T00:00:00,0.759,0.075,10.406,6.649,2.370
2016-04-24T00:00:00,1.481,0.857,14.119,9.105,3.205
2016-04-25T00:00:00,0.125,0.180,2.895,4.837,1.395
2016-04-26T00:00:00,0.214,0.000,5.465,1.244,0.725
2016-04-27T00:00:00,0.124,0.000,3.081,0.248,1.259
2016-04-28T00:00:00,2.434,0.041,4.621,5.552,1.800
2016-04-29T00:00:00,0.255,0.004,8.331,7.362,7.914
2016-04-30T00:00:00,0.280,0.000,2.172,2.233,0.626
2016-05-01T00:00:00,0.873,0.061,7.029,8.346,7.631
2016-05-02T00:00:00,0.371,0.452,6.002,2.077,7.524
2016-05-03T00:00:00,0.000,0.000,0.361,0.173,0.005
2016-05-04T00:00:00,0.001,0.010,0.698,0.552,4.026
2016-05-05T00:00:00,0.017,1.724,5.148,0.066,12.746
2016-05-06T00:00:00,0.592,0.655,1.384,0.175,5.334
2016-05-07T00:00:00,1.073,0.720,6.682,0.613,7.039
2016-05-08T00:00:00,4.599,1.602,1.196,0.590,10.922
2016-05-09T00:00:00,3.882,2.630,0.426,5.059,3.333
2016-05-10T00:00:00,0.000,0.000,0.251,0.028,0.311
2016-05-11T00:00:00,0.003,0.606,0.080,0.000,6.175
2016-05-12T00:00:00,0.000,0.302,1.645,0.462,1.402
2016-05-13T00:00:00,0.010,0.505,4.061,2.530,3.228
2016-05-14T00:00:00,1.706,1.610,6.121,4.062,8.702
2016-05-15T00:00:00,3.543,3.207,13.959,7.549,20.252
2016-05-16T00:00:00,3.399,2.865,22.308,15.073,22.303
2016-05-17T00:00:00,7.353,1.925,46.275,18.812,21.291
2016-05-18T00:00:00,2.068,2.440,34.516,19.307,23.710
2016-05-19T00:00:00,0.470,0.595,5.415,5.123,12.649
2016-05-20T00:00:00,0.080,0.424,1.207,0.000,14.931
2016-05-21T00:00:00,6.860,3.100,6.336,3.024,8.937
2016-05-22T00:00:00,8.160,3.466,21.768,18.730,0.520
2016-05-23T00:00:00,0.030,0.000,0.384,2.525,0.034
2016-05-24T00:00:00,0.002,0.168,1.286,0.016,5.179
2016-05-25T00:00:00,0.543,1.306,2.460,10.665,9.872
2016-05-26T00:00:00,1.123,1.826,4.328,5.031,11.075
2016-05-27T00:00:00,1.653,0.565,6.389,7.176,23.152
2016-05-28T00:00:00,1.467,2.835,1.101,0.690,4.214
2016-05-29T00:00:00,1.496,1.951,3.283,0.191,3.150
2016-05-30T00:00:00,0.540,5.292,12.459,1.387,5.795
2016-05-31T00:00:00,0.557,0.505,7.740,3.146,13.849
2016-06-01T00:00:00,8.441,2.810,6.138,3.652,5.541
2016-06-02T00:00:00,0.997,0.094,0.737,1.320,1.181
2016-06-03T00:00:00,0.000,0.468,0.868,0.178,0.109
2016-06-04T00:00:00,0.643,0.254,0.019,1.025,0.187
2016-06-05T00:00:00,1.193,0.684,1.297,0.817,5.045
2016-06-06T00:00:00,2.333,5.727,5.820,4.951,7.384
2016-06-07T00:00:00,8.271,0.630,7.830,11.040,5.790
2016-06-08T00:00:00,3.119,0.773,4.737,1.292,11.385
2016-06-09T00:00:00,4.390,0.870,5.271,13.640,12.166
2016-06-10T00:00:00,6.880,1.965,7.814,8.514,0.940
2016-06-11T00:00:00,4.139,5.037,6.219,3.744,2.539
2016-06-12T00:00:00,4.255,3.829,4.291,7.072,4.569
2016-06-13T00:00:00,3.367,5.354,21.774,16.987,25.377
2016-06-14T00:00:00,5.368,4.938,7.420,10.843,16.529
2016-06-15T00:00:00,5.806,1.656,2.162,9.425,8.054
2016-06-16T00:00:00,15.356,10.830,8.511,5.358,32.643
2016-06-17T00:00:00,1.030,3.584,25.175,6.692,5.560
2016-06-18T00:00:00,1.919,3.033,23.075,4.492,14.954
2016-06-19T00:00:00,4.031,4.666,4.000,14.035,9.521
2016-06-20T00:00:00,10.015,4.983,5.177,10.815,23.423
2016-06-21T00:00:00,5.217,4.991,5.006,21.409,15.873
2016-06-22T00:00:00,2.838,5.072,7.641,8.554,33.394
2016-06-23T00:00:00,7.648,2.795,11.253,18.082,13.076
2016-06-24T00:00:00,2.466,0.310,11.158,7.511,46.354
2016-06-25T00:00:00,2.521,1.182,5.198,0.713,42.848
2016-06-26T00:00:00,1.912,4.677,7.969,3.055,17.941
2016-06-27T00:00:00,9.857,3.166,2.149,5.075,11.007
2016-06-28T00:00:00,6.108,4.394,6.653,4.149,13.507
2016-06-29T00:00:00,3.476,2.217,1.879,4.373,1.451
2016-06-30T00:00:00,9.886,5.799,1.523,9.308,10.659
2016-07-01T00:00:00,10.481,3.966,8.071,32.172,16.972
2016-07-02T00:00:00,11.671,7.571,18.290,8.592,21.725
2016-07-03T00:00:00,5.963,8.272,20.068,23.566,23.305
2016-07-04T00:00:00,2.604,2.054,12.103,5.718,22.091
2016-07-05T00:00:00,5.088,5.273,6.707,4.992,19.728
2016-07-06T00:00:00,3.567,2.930,5.156,8.531,25.539
2016-07-07T00:00:00,1.779,0.837,10.730,4.104,13.487
2016-07-08T00:00:00,2.688,1.211,3.959,3.207,1.740
2016-07-09T00:00:00,0.331,2.416,4.166,1.835,6.601
2016-07-10T00:00:00,9.787,4.827,11.124,14.264,8.009
2016-07-11T00:00:00,6.174,9.647,11.544,7.724,7.008
2016-07-12T00:00:00,8.873,5.791,9.383,5.060,6.953
2016-07-13T00:00:00,7.148,2.468,3.032,7.491,4.859
2016-07-14T00:00:00,10.048,3.124,6.004,14.722,5.453
2016-07-15T00:00:00,3.174,2.615,10.787,22.483,10.583
2016-07-16T00:00:00,2.751,2.980,21.841,13.456,17.498
2016-07-17T00:00:00,3.308,4.589,20.901,12.136,52.258
2016-07-18T00:00:00,1.437,0.764,8.295,2.199,29.509
2016-07-19T00:00:00,3.839,3.150,10.725,13.409,17.201
2016-07-20T00:00:00,2.257,1.689,5.484,7.413,13.357
2016-07-21T00:00:00,11.598,10.731,10.415,6.296,23.824
2016-07-22T00:00:00,9.299,6.774,6.936,27.599,19.705
2016-07-23T00:00:00,5.280,8.277,18.109,27.166,40.581
2016-07-24T00:00:00,11.728,10.796,9.632,7.983,23.859
2016-07-25T00:00:00,7.915,4.302,7.570,23.192,16.933
2016-07-26T00:00:00,3.884,9.602,25.589,16.386,48.211
2016-07-27T00:00:00,1.176,20.904,4.181,1.928,15.016
2016-07-28T00:00:00,4.190,6.960,5.720,4.588,5.921
2016-07-29T00:00:00,2.821,3.343,18.190,10.060,9.093
2016-07-30T00:00:00,1.173,1.316,6.237,2.884,13.109
2016-07-31T00:00:00,6.772,4.875,2.959,3.885,3.824
2016-08-01T00:00:00,3.113,3.736,1.503,1.803,3.760
2016-08-02T00:00:00,1.921,10.599,3.932,0.886,22.562
2016-08-03T00:00:00,1.511,2.195,0.762,0.084,27.838
2016-08-04T00:00:00,0.675,2.281,8.762,1.212,1.390
2016-08-05T00:00:00,1.481,3.395,7.152,3.475,3.599
2016-08-06T00:00:00,1.007,3.777,2.529,3.681,2.484
2016-08-07T00:00:00,7.535,3.900,13.429,13.214,3.316
2016-08-08T00:00:00,6.338,5.199,2.823,0.741,8.508
2016-08-09T00:00:00,1.530,2.190,10.279,7.742,1.616
2016-08-10T00:00:00,0.889,1.141,5.152,2.820,3.163
2016-08-11T00:00:00,0.013,0.107,0.467,0.126,3.878
2016-08-12T00:00:00,1.525,2.126,8.257,2.181,6.299
2016-08-13T00:00:00,5.802,8.262,1.899,8.277,2.635
2016-08-14T00:00:00,4.543,7.470,3.771,2.285,1.410
2016-08-15T00:00:00,2.861,3.973,2.045,0.840,5.171
2016-08-16T00:00:00,4.391,1.962,12.438,6.833,5.318
2016-08-17T00:00:00,0.456,3.977,0.642,0.108,6.025
2016-08-18T00:00:00,0.512,5.104,1.884,0.142,4.896
2016-08-19T00:00:00,1.719,1.837,0.661,0.055,2.465
2016-08-20T00:00:00,0.034,1.317,0.552,1.279,0.224
2016-08-21T00:00:00,0.145,0.358,1.217,0.173,0.025
2016-08-22T00:00:00,6.158,2.552,2.361,0.490,13.492
2016-08-23T00:00:00,1.225,2.977,0.056,2.759,2.635
2016-08-24T00:00:00,1.280,4.966,0.385,0.124,1.472
2016-08-25T00:00:00,1.287,1.993,0.246,0.504,0.137
2016-08-26T00:00:00,0.567,3.744,4.149,1.042,2.594
2016-08-27T00:00:00,0.055,1.372,0.768,0.214,2.191
2016-08-28T00:00:00,0.259,0.031,0.051,0.534,0.055
2016-08-29T00:00:00,1.272,0.424,2.615,20.597,28.666
2016-08-30T00:00:00,1.332,1.942,13.136,4.382,7.667
2016-08-31T00:00:00,0.733,3.680,7.815,4.386,9.802
2016-09-01T00:00:00,5.411,0.907,6.698,40.030,8.990
2016-09-02T00:00:00,4.630,6.194,9.110,13.548,18.090
2016-09-03T00:00:00,8.978,3.407,3.706,17.907,15.466
2016-09-04T00:00:00,5.108,0.661,3.199,7.216,3.476
2016-09-05T00:00:00,6.470,8.186,10.049,20.044,7.166
2016-09-06T00:00:00,5.203,2.578,9.581,6.105,6.564
2016-09-07T00:00:00,9.836,1.299,5.509,14.718,4.851
2016-09-08T00:00:00,3.456,3.137,3.602,12.663,7.127
2016-09-09T00:00:00,3.422,5.242,2.200,25.720,0.296
2016-09-10T00:00:00,1.250,1.572,6.071,7.693,15.081
2016-09-11T00:00:00,0.200,3.127,7.306,8.814,7.059
2016-09-12T00:00:00,4.824,4.941,8.509,4.331,8.967
2016-09-13T00:00:00,1.508,3.722,9.325,3.197,5.622
2016-09-14T00:00:00,3.471,2.514,0.941,0.511,1.798
2016-09-15T00:00:00,2.798,0.323,2.173,1.838,0.903
2016-09-16T00:00:00,1.092,0.420,2.937,3.308,10.644
2016-09-17T00:00:00,1.228,1.087,1.624,1.980,9.787
2016-09-18T00:00:00,4.339,4.959,13.017,2.491,4.704
2016-09-19T00:00:00,6.877,1.199,5.931,4.689,13.977
2016-09-20T00:00:00,2.307,1.533,6.073,7.514,22.084
2016-09-21T00:00:00,0.165,2.610,10.786,6.966,26.206
2016-09-22T00:00:00,2.815,2.533,10.982,9.223,4.993
2016-09-23T00:00:00,5.922,1.551,3.923,12.071,5.290
2016-09-24T00:00:00,3.019,0.382,2.251,25.260,5.523
2016-09-25T00:00:00,3.794,2.588,4.862,10.533,30.511
2016-09-26T00:00:00,3.771,2.299,7.783,7.737,28.916
2016-09-27T00:00:00,9.673,1.152,1.152,7.620,3.155
2016-09-28T00:00:00,3.410,0.341,1.428,4.887,3.334
2016-09-29T00:00:00,2.506,1.481,3.309,0.967,4.533
2016-09-30T00:00:00,1.068,0.748,1.414,1.651,5.573
2016-10-01T00:00:00,2.831,0.513,3.044,2.407,3.052
2016-10-02T00:00:00,0.002,0.462,0.044,0.000,0.293
2016-10-03T00:00:00,0.002,3.076,0.121,0.000,0.916
2016-10-04T00:00:00,0.712,3.175,0.114,0.325,5.437
2016-10-05T00:00:00,0.070,4.679,0.189,0.188,0.051
2016-10-06T00:00:00,0.475,0.358,1.711,0.643,3.906
2016-10-07T00:00:00,0.719,1.914,0.109,0.811,0.830
2016-10-08T00:00:00,1.255,0.141,6.169,8.804,11.644
2016-10-09T00:00:00,1.279,0.083,3.544,17.597,5.429
2016-10-10T00:00:00,1.391,4.307,8.368,12.729,8.670
2016-10-11T00:00:00,1.003,0.244,12.608,11.100,15.731
2016-10-12T00:00:00,1.846,4.591,14.404,8.250,24.316
2016-10-13T00:00:00,2.696,0.513,10.410,8.904,22.932
2016-10-14T00:00:00,0.511,0.506,0.383,1.074,8.270
2016-10-15T00:00:00,0.301,0.066,0.000,0.543,0.194
2016-10-16T00:00:00,0.000,0.029,0.015,0.000,0.003
2016-10-17T00:00:00,0.836,0.000,0.000,1.479,0.000
2016-10-18T00:00:00,0.001,0.026,0.000,0.000,0.000
2016-10-19T00:00:00,0.054,0.753,0.000,0.041,0.000
2016-10-20T00:00:00,0.087,0.000,0.000,0.020,0.000
2016-10-21T00:00:00,0.025,0.008,0.000,0.000,0.000
2016-10-22T00:00:00,0.000,0.000,0.000,0.000,0.000
2016-10-23T00:00:00,0.000,0.000,0.000,0.000,0.000
2016-10-24T00:00:00,0.000,0.000,0.000,0.000,0.000
2016-10-25T00:00:00,0.000,0.000,0.139,0.012,0.009
2016-10-26T00:00:00,0.024,0.008,0.361,0.047,0.001
2016-10-27T00:00:00,0.043,0.000,0.458,0.057,0.189
2016-10-28T00:00:00,0.013,0.000,1.820,0.346,0.680
2016-10-29T00:00:00,0.011,0.000,0.627,0.115,0.042
2016-10-30T00:00:00,0.018,0.000,0.000,0.193,0.028
2016-10-31T00:00:00,0.011,0.000,0.016,0.012,0.002
2016-11-01T00:00:00,0.000,0.000,0.000,0.000,0.000
2016-11-02T00:00:00,0.000,0.000,0.000,0.000,0.000
2016-11-03T00:00:00,0.001,0.000,0.000,0.004,0.000
2016-11-04T00:00:00,0.000,0.000,0.285,0.026,0.004
2016-11-05T00:00:00,0.000,0.000,0.271,0.023,0.002
2016-11-06T00:00:00,0.024,0.005,6.941,1.290,0.235
2016-11-07T00:00:00,0.009,0.000,9.763,1.820,0.057
2016-11-08T00:00:00,0.001,0.000,2.460,1.914,0.000
2016-11-09T00:00:00,0.000,0.000,0.000,0.021,0.000
2016-11-10T00:00:00,0.000,0.000,0.000,0.000,0.000
2016-11-11T00:00:00,0.000,0.000,0.000,0.000,0.000
2016-11-12T00:00:00,0.000,0.000,0.005,0.000,0.000
2016-11-13T00:00:00,0.000,0.000,0.000,0.000,0.000
2016-11-14T00:00:00,0.000,0.000,0.073,0.005,0.000
2016-11-15T00:00:00,0.000,0.000,0.000,0.000,0.000
2016-11-16T00:00:00,0.011,0.000,0.000,0.112,0.000
2016-11-17T00:00:00,0.010,0.000,0.000,0.106,0.000
2016-11-18T00:00:00,0.000,0.000,0.000,0.000,0.000
2016-11-19T00:00:00,0.000,0.000,0.000,0.000,0.000
2016-11-20T00:00:00,0.000,0.000,0.000,0.000,0.000
2016-11-21T00:00:00,0.000,0.000,0.000,0.000,0.000
2016-11-22T00:00:00,0.000,0.000,0.000,0.000,0.000
2016-11-23T00:00:00,0.000,0.000,0.000,0.000,0.000
2016-11-24T00:00:00,0.000,0.000,0.000,0.000,0.000
2016-11-25T00:00:00,0.000,0.000,0.000,0.000,0.000
2016-11-26T00:00:00,0.000,0.000,0.007,0.000,0.004
2016-11-27T00:00:00,0.000,0.000,0.000,0.000,0.000
2016-11-28T00:00:00,0.000,0.000,0.056,0.000,0.004
2016-11-29T00:00:00,0.000,0.000,0.001,0.003,0.000
2016-11-30T00:00:00,0.000,0.000,0.008,0.000,0.000
2016-12-01T00:00:00,0.000,0.000,0.000,0.000,0.000
2016-12-02T00:00:00,0.031,0.000,0.000,0.067,0.010
2016-12-03T00:00:00,0.031,0.000,0.000,0.066,0.000
2016-12-04T00:00:00,0.000,0.000,0.000,0.000,0.000
2016-12-05T00:00:00,0.000,0.000,0.000,0.000,0.000
2016-12-06T00:00:00,0.000,0.000,0.000,0.000,0.000
2016-12-07T00:00:00,0.000,0.000,0.000,0.000,0.000
2016-12-08T00:00:00,0.000,0.000,0.000,0.000,0.000
2016-12-09T00:00:00,0.000,0.000,0.000,0.000,0.000
2016-12-10T00:00:00,0.000,0.000,0.000,0.000,0.000
2016-12-11T00:00:00,0.000,0.000,0.000,0.000,0.000
2016-12-12T00:00:00,0.000,0.000,0.000,0.000,0.000
2016-12-13T00:00:00,0.000,0.000,0.000,0.000,0.000
2016-12-14T00:00:00,0.000,0.000,0.000,0.000,0.000
2016-12-15T00:00:00,0.000,0.000,0.000,0.000,0.000
2016-12-16T00:00:00,0.000,0.000,0.000,0.000,0.000
2016-12-17T00:00:00,0.000,0.000,0.000,0.000,0.000
2016-12-18T00:00:00,0.000,0.000,0.000,0.000,0.000
2016-12-19T00:00:00,0.000,0.000,0.000,0.000,0.000
2016-12-20T00:00:00,0.000,0.000,0.000,0.000,0.000
2016-12-21T00:00:00,0.000,0.000,0.059,0.000,0.008
2016-12-22T00:00:00,0.000,0.000,0.000,0.000,0.000
2016-12-23T00:00:00,0.000,0.000,0.000,0.000,0.000
2016-12-24T00:00:00,0.000,0.000,0.010,0.000,0.000
2016-12-25T00:00:00,0.012,0.000,0.192,0.375,0.002
2016-12-26T00:00:00,0.044,0.000,0.003,1.416,0.210
2016-12-27T00:00:00,0.481,0.000,2.774,1.866,0.956
2016-12-28T00:00:00,0.000,0.000,0.000,0.112,0.090
2016-12-29T00:00:00,0.000,0.000,0.000,0.000,0.000
2016-12-30T00:00:00,0.000,0.000,0.000,0.000,0.000
2016-12-31T00:00:00,0.000,0.005,0.000,0.000,0.000
2017-01-01T00:00:00,0.268,0.000,0.000,0.113,0.000
2017-01-02T00:00:00,0.259,0.000,0.000,0.041,0.000
2017-01-03T00:00:00,0.296,0.036,0.000,0.130,0.009
2017-01-04T00:00:00,0.018,0.024,0.205,0.021,0.303
2017-01-05T00:00:00,0.000,0.000,0.007,0.106,0.000
2017-01-06T00:00:00,0.003,0.040,0.014,0.004,0.278
2017-01-07T00:00:00,0.000,0.000,0.000,0.000,0.000
2017-01-08T00:00:00,0.022,0.032,0.000,0.019,0.000
2017-01-09T00:00:00,0.001,0.000,0.000,0.003,0.000
2017-01-10T00:00:00,0.108,0.000,0.000,0.036,0.000
2017-01-11T00:00:00,0.423,0.013,0.392,2.255,0.178
2017-01-12T00:00:00,0.016,0.000,0.000,0.015,0.001
2017-01-13T00:00:00,0.000,0.000,0.000,0.000,0.000
2017-01-14T00:00:00,0.000,0.000,0.000,0.000,0.000
2017-01-15T00:00:00,0.000,0.000,0.000,0.000,0.000
2017-01-16T00:00:00,0.000,0.234,0.000,0.000,0.000
2017-01-17T00:00:00,0.000,0.000,0.000,0.000,0.000
2017-01-18T00:00:00,0.000,0.000,0.000,0.000,0.000
2017-01-19T00:00:00,0.000,0.000,0.000,0.000,0.000
2017-01-20T00:00:00,0.000,0.000,0.000,0.000,0.000
2017-01-21T00:00:00,0.000,0.000,0.000,0.000,0.000
2017-01-22T00:00:00,0.000,0.000,0.000,0.000,0.000
2017-01-23T00:00:00,0.000,0.000,0.000,0.000,0.000
2017-01-24T00:00:00,0.000,0.000,0.000,0.000,0.000
2017-01-25T00:00:00,0.000,0.000,0.000,0.000,0.000
2017-01-26T00:00:00,0.000,0.000,0.000,0.000,0.000
2017-01-27T00:00:00,0.000,0.007,0.000,0.000,0.000
2017-01-28T00:00:00,0.132,3.992,0.350,0.017,1.838
2017-01-29T00:00:00,0.345,0.799,0.554,0.535,0.177
2017-01-30T00:00:00,0.001,0.000,0.000,0.000,0.000
2017-01-31T00:00:00,0.078,0.012,0.000,0.054,0.000
2017-02-01T00:00:00,0.153,0.000,0.000,0.320,0.000
2017-02-02T00:00:00,0.044,0.000,0.000,0.134,0.000
2017-02-03T00:00:00,0.000,0.000,0.160,0.000,0.032
2017-02-04T00:00:00,0.000,0.000,0.000,0.000,0.000
2017-02-05T00:00:00,0.000,0.000,0.000,0.000,0.000
2017-02-06T00:00:00,0.000,0.002,0.000,0.000,0.000
2017-02-07T00:00:00,0.000,0.121,0.000,0.010,0.000
2017-02-08T00:00:00,0.000,0.000,0.000,0.000,0.000
2017-02-09T00:00:00,0.000,0.000,0.000,0.000,0.000
2017-02-10T00:00:00,0.009,0.000,0.000,0.590,0.000
2017-02-11T00:00:00,0.010,0.000,0.000,0.644,0.000
2017-02-12T00:00:00,0.078,0.000,0.000,0.115,0.000
2017-02-13T00:00:00,0.000,0.000,0.000,0.000,0.000
2017-02-14T00:00:00,0.000,0.000,0.000,0.000,0.000
2017-02-15T00:00:00,0.000,0.000,0.000,0.000,0.000
2017-02-16T00:00:00,0.000,0.000,0.000,0.000,0.000
2017-02-17T00:00:00,0.000,0.000,0.000,0.000,0.000
2017-02-18T00:00:00,0.000,0.000,0.000,0.000,0.000
2017-02-19T00:00:00,0.000,0.000,0.000,0.000,0.000
2017-02-20T00:00:00,0.005,0.000,0.044,0.274,0.016
2017-02-21T00:00:00,0.411,0.013,18.719,12.775,0.610
2017-02-22T00:00:00,0.262,0.031,12.212,8.767,4.916
2017-02-23T00:00:00,0.225,0.034,9.601,10.353,1.391
2017-02-24T00:00:00,0.025,0.000,0.000,1.636,0.001
2017-02-25T00:00:00,0.000,0.000,0.003,0.018,0.010
2017-02-26T00:00:00,0.000,0.000,0.000,0.070,0.000
2017-02-27T00:00:00,0.008,0.081,0.017,0.059,1.078
2017-02-28T00:00:00,0.002,0.028,0.004,0.017,0.385
2017-03-01T00:00:00,0.000,0.000,0.000,0.000,0.000
2017-03-02T00:00:00,0.011,0.050,0.091,0.439,0.617
2017-03-03T00:00:00,0.081,0.176,0.067,2.583,0.969
2017-03-04T00:00:00,0.063,0.000,0.000,1.911,0.016
2017-03-05T00:00:00,0.089,0.118,0.611,4.199,0.436
2017-03-06T00:00:00,0.233,0.163,0.943,8.658,0.814
2017-03-07T00:00:00,0.059,0.000,0.087,1.777,0.208
2017-03-08T00:00:00,0.055,0.008,0.000,0.064,0.000
2017-03-09T00:00:00,0.055,0.172,1.001,0.504,0.448
2017-03-10T00:00:00,0.140,1.247,0.193,1.699,0.125
2017-03-11T00:00:00,0.258,5.325,4.568,3.133,12.086
2017-03-12T00:00:00,3.117,6.293,5.553,4.045,13.240
2017-03-13T00:00:00,1.107,1.757,0.668,4.460,0.053
2017-03-14T00:00:00,0.005,0.052,0.000,0.008,0.000
2017-03-15T00:00:00,0.003,0.038,0.006,0.005,0.476
2017-03-16T00:00:00,0.000,0.000,0.000,0.000,0.000
2017-03-17T00:00:00,0.002,0.033,0.005,0.000,0.400
2017-03-18T00:00:00,1.257,2.377,5.035,7.016,4.855
2017-03-19T00:00:00,1.451,1.136,7.393,7.908,3.033
2017-03-20T00:00:00,0.029,0.190,0.313,0.438,0.755
2017-03-21T00:00:00,0.033,0.868,0.680,0.909,6.774
2017-03-22T00:00:00,0.000,0.000,0.000,0.295,1.214
2017-03-23T00:00:00,0.000,0.006,0.001,0.000,0.081
2017-03-24T00:00:00,0.000,0.000,0.000,0.000,0.000
2017-03-25T00:00:00,0.701,0.221,7.707,2.645,14.025
2017-03-26T00:00:00,0.269,0.614,1.251,0.866,4.096
2017-03-27T00:00:00,1.481,3.672,1.041,6.750,1.228
2017-03-28T00:00:00,0.007,0.071,0.382,0.478,3.893
2017-03-29T00:00:00,0.040,1.303,2.503,1.716,7.272
2017-03-30T00:00:00,0.170,1.866,14.721,5.321,4.170
2017-03-31T00:00:00,0.286,1.072,7.687,2.374,5.864
2017-04-01T00:00:00,0.226,0.809,11.770,5.931,11.244
2017-04-02T00:00:00,1.207,3.786,20.355,12.688,15.044
2017-04-03T00:00:00,0.853,1.231,19.598,24.191,11.425
2017-04-04T00:00:00,0.094,3.925,17.625,2.094,17.426
2017-04-05T00:00:00,1.538,0.922,5.935,2.353,4.124
2017-04-06T00:00:00,0.012,10.522,1.060,0.000,6.313
2017-04-07T00:00:00,0.000,3.349,1.519,0.199,1.037
2017-04-08T00:00:00,0.016,3.184,4.447,1.071,9.110
2017-04-09T00:00:00,0.123,1.854,2.579,5.342,1.390
2017-04-10T00:00:00,0.083,0.071,0.904,6.164,1.361
2017-04-11T00:00:00,0.247,0.000,0.245,2.364,0.137
2017-04-12T00:00:00,0.848,0.000,0.142,1.231,0.000
2017-04-13T00:00:00,0.000,0.000,0.000,0.000,0.000
2017-04-14T00:00:00,0.159,0.000,0.150,0.120,0.000
2017-04-15T00:00:00,0.153,1.280,0.461,0.000,3.798
2017-04-16T00:00:00,2.613,1.296,5.504,3.963,6.621
2017-04-17T00:00:00,0.038,0.000,0.029,1.246,2.200
2017-04-18T00:00:00,0.000,0.000,0.000,0.037,0.000
2017-04-19T00:00:00,0.006,0.000,5.986,0.126,3.093
2017-04-20T00:00:00,0.047,0.094,6.466,1.971,12.527
2017-04-21T00:00:00,0.460,0.092,1.991,4.912,3.359
2017-04-22T00:00:00,0.038,0.841,8.611,0.858,37.556
2017-04-23T00:00:00,0.806,5.037,12.950,3.086,14.421
2017-04-24T00:00:00,0.574,5.679,4.987,6.579,7.165
2017-04-25T00:00:00,4.915,0.313,6.159,18.793,9.411
2017-04-26T00:00:00,1.247,0.006,17.074,18.998,3.454
2017-04-27T00:00:00,0.776,0.068,3.513,15.252,0.588
2017-04-28T00:00:00,2.116,0.212,3.069,11.119,2.406
2017-04-29T00:00:00,0.545,0.151,7.216,12.940,14.200
2017-04-30T00:00:00,1.409,1.430,6.895,4.696,8.888
2017-05-01T00:00:00,0.090,0.119,11.576,4.335,11.986
2017-05-02T00:00:00,0.739,1.805,1.384,1.524,7.310
2017-05-03T00:00:00,0.865,0.022,3.167,2.958,0.148
2017-05-04T00:00:00,2.041,2.687,1.499,3.090,11.949
2017-05-05T00:00:00,2.885,1.450,5.561,14.819,2.512
2017-05-06T00:00:00,1.350,1.355,5.662,7.260,9.185
2017-05-07T00:00:00,0.848,0.957,4.742,3.907,9.177
2017-05-08T00:00:00,0.000,0.000,0.154,0.008,3.242
2017-05-09T00:00:00,0.337,0.878,0.934,0.485,12.082
2017-05-10T00:00:00,0.059,0.886,3.408,1.586,8.958
2017-05-11T00:00:00,2.503,2.197,1.449,1.212,3.045
2017-05-12T00:00:00,2.946,0.261,4.146,8.414,5.438
2017-05-13T00:00:00,0.400,3.668,0.111,0.027,13.077
2017-05-14T00:00:00,4.834,0.200,10.929,7.865,12.217
2017-05-15T00:00:00,0.141,2.098,2.011,0.039,6.830
2017-05-16T00:00:00,0.948,4.708,12.385,4.723,10.545
2017-05-17T00:00:00,0.233,2.199,1.335,0.200,4.259
2017-05-18T00:00:00,1.934,2.491,1.669,2.225,0.914
2017-05-19T00:00:00,0.905,3.900,10.265,14.637,5.556
2017-05-20T00:00:00,0.847,0.781,5.424,15.400,12.673
2017-05-21T00:00:00,0.274,0.617,6.948,10.224,19.655
2017-05-22T00:00:00,1.880,1.685,5.708,10.267,9.719
2017-05-23T00:00:00,0.503,1.451,9.955,5.963,4.425
2017-05-24T00:00:00,0.815,0.579,9.647,3.247,14.661
2017-05-25T00:00:00,5.427,0.192,13.560,32.502,13.556
2017-05-26T00:00:00,3.500,3.867,11.183,2.496,8.860
2017-05-27T00:00:00,2.802,2.960,1.049,2.607,12.488
2017-05-28T00:00:00,1.602,1.403,0.606,0.296,2.169
2017-05-29T00:00:00,2.014,2.467,4.767,0.571,0.636
2017-05-30T00:00:00,1.300,1.651,4.559,3.205,1.651
2017-05-31T00:00:00,4.299,3.605,32.480,28.649,12.574
2017-06-01T00:00:00,1.691,0.162,3.701,10.735,4.476
2017-06-02T00:00:00,1.420,0.202,8.962,7.538,15.335
2017-06-03T00:00:00,6.557,1.189,13.631,30.949,15.721
2017-06-04T00:00:00,0.985,0.012,13.066,22.598,4.439
2017-06-05T00:00:00,0.006,0.014,3.209,0.039,13.462
2017-06-06T00:00:00,0.023,1.039,0.314,0.561,4.744
2017-06-07T00:00:00,0.069,0.030,0.036,0.015,0.182
2017-06-08T00:00:00,1.087,0.654,0.428,0.361,0.293
2017-06-09T00:00:00,4.365,0.693,6.762,4.692,0.865
2017-06-10T00:00:00,0.493,0.090,0.928,0.227,3.599
2017-06-11T00:00:00,2.777,0.009,4.018,6.615,0.311
2017-06-12T00:00:00,0.629,0.864,8.437,6.052,5.814
2017-06-13T00:00:00,1.320,0.286,15.871,3.616,12.390
2017-06-14T00:00:00,4.506,3.215,32.201,13.250,15.462
2017-06-15T00:00:00,3.059,0.165,4.344,3.269,3.082
2017-06-16T00:00:00,1.362,1.652,6.360,2.135,3.228
2017-06-17T00:00:00,3.249,2.310,25.167,16.133,20.996
2017-06-18T00:00:00,9.088,1.015,17.469,16.403,7.643
2017-06-19T00:00:00,8.291,2.318,8.877,26.701,7.183
2017-06-20T00:00:00,19.496,8.182,3.089,6.776,42.030
2017-06-21T00:00:00,6.522,3.054,7.877,4.974,8.505
2017-06-22T00:00:00,22.554,3.927,11.834,9.310,39.888
2017-06-23T00:00:00,3.010,1.484,5.698,2.409,4.976
2017-06-24T00:00:00,3.622,1.994,5.921,3.310,5.153
2017-06-25T00:00:00,9.730,5.486,10.566,18.707,5.686
2017-06-26T00:00:00,6.645,2.863,10.077,26.574,6.821
2017-06-27T00:00:00,1.486,3.579,11.264,11.372,5.983
2017-06-28T00:00:00,0.372,5.321,1.231,0.499,5.964
2017-06-29T00:00:00,6.338,1.950,4.925,18.719,5.513
2017-06-30T00:00:00,9.853,6.504,6.335,23.876,11.836
2017-07-01T00:00:00,6.385,0.665,18.020,42.808,22.300
2017-07-02T00:00:00,8.315,2.608,21.860,15.427,15.081
2017-07-03T00:00:00,10.019,3.717,11.633,16.103,8.586
2017-07-04T00:00:00,4.720,3.845,18.157,10.056,19.165
2017-07-05T00:00:00,6.598,5.421,14.861,15.060,8.809
2017-07-06T00:00:00,7.019,6.003,14.206,11.454,18.650
2017-07-07T00:00:00,12.783,4.589,4.260,15.067,8.412
2017-07-08T00:00:00,5.804,4.894,10.958,13.341,2.023
2017-07-09T00:00:00,15.944,9.110,29.862,38.568,34.218
2017-07-10T00:00:00,11.326,9.457,28.945,35.819,49.728
2017-07-11T00:00:00,8.801,10.774,23.056,24.757,27.767
2017-07-12T00:00:00,0.932,3.737,4.188,1.082,14.315
2017-07-13T00:00:00,0.185,4.863,0.543,0.000,0.781
2017-07-14T00:00:00,0.093,0.916,1.948,0.848,4.612
2017-07-15T00:00:00,0.499,1.769,5.368,1.514,2.542
2017-07-16T00:00:00,3.662,3.273,3.730,3.140,1.270
2017-07-17T00:00:00,1.657,6.439,0.980,11.486,5.098
2017-07-18T00:00:00,1.089,6.462,2.424,0.788,9.081
2017-07-19T00:00:00,1.332,1.355,13.735,10.489,7.560
2017-07-20T00:00:00,0.135,0.967,8.421,3.200,12.539
2017-07-21T00:00:00,1.399,2.044,2.469,14.897,15.621
2017-07-22T00:00:00,1.510,4.068,5.541,0.429,14.873
2017-07-23T00:00:00,1.380,1.972,6.658,5.278,10.699
2017-07-24T00:00:00,1.576,8.045,8.903,6.307,15.973
2017-07-25T00:00:00,2.167,3.746,2.575,19.012,11.327
2017-07-26T00:00:00,1.009,2.456,5.691,4.800,14.471
2017-07-27T00:00:00,0.967,1.487,8.714,7.502,7.305
2017-07-28T00:00:00,7.396,3.154,4.621,2.139,0.969
2017-07-29T00:00:00,12.088,7.483,18.786,13.476,10.616
2017-07-30T00:00:00,7.187,13.020,3.444,1.471,10.655
2017-07-31T00:00:00,1.498,7.269,5.610,3.419,4.529
2017-08-01T00:00:00,1.501,5.394,6.663,14.108,7.714
2017-08-02T00:00:00,1.276,7.269,7.324,14.128,15.084
2017-08-03T00:00:00,1.676,6.135,4.112,6.107,13.186
2017-08-04T00:00:00,2.979,4.932,8.689,3.488,14.669
2017-08-05T00:00:00,0.401,2.977,2.354,0.755,7.025
2017-08-06T00:00:00,1.106,2.380,7.198,8.955,5.648
2017-08-07T00:00:00,1.895,2.856,9.144,12.243,5.303
2017-08-08T00:00:00,7.799,5.315,6.471,16.073,10.750
2017-08-09T00:00:00,5.846,14.408,7.729,25.601,26.202
2017-08-10T00:00:00,14.483,7.771,14.643,37.472,38.591
2017-08-11T00:00:00,15.529,5.804,42.425,64.597,44.541
2017-08-12T00:00:00,1.294,6.106,23.357,11.755,82.749
2017-08-13T00:00:00,6.499,0.949,14.871,7.312,40.619
2017-08-14T00:00:00,7.020,7.712,14.331,7.603,12.939
2017-08-15T00:00:00,6.653,3.311,4.026,7.799,8.712
2017-08-16T00:00:00,0.572,1.559,2.386,5.610,2.761
2017-08-17T00:00:00,2.749,1.914,4.625,2.721,2.920
2017-08-18T00:00:00,9.391,6.085,17.940,3.612,3.481
2017-08-19T00:00:00,17.826,12.978,6.982,8.132,9.200
2017-08-20T00:00:00,9.882,5.047,3.413,1.116,3.789
2017-08-21T00:00:00,4.840,2.031,4.415,0.813,0.718
2017-08-22T00:00:00,1.664,4.933,2.580,0.685,6.738
2017-08-23T00:00:00,1.002,3.742,2.483,0.177,8.609
2017-08-24T00:00:00,2.730,5.246,3.745,0.347,3.225
2017-08-25T00:00:00,0.467,1.907,1.810,3.690,2.511
2017-08-26T00:00:00,0.546,2.029,5.652,1.175,3.564
2017-08-27T00:00:00,1.283,2.040,7.631,0.864,34.262
2017-08-28T00:00:00,1.985,1.939,12.815,2.946,16.329
2017-08-29T00:00:00,2.106,3.044,3.254,1.759,2.686
2017-08-30T00:00:00,2.387,2.474,4.200,7.446,0.195
2017-08-31T00:00:00,3.926,2.267,5.387,8.391,23.819
2017-09-01T00:00:00,7.043,6.249,12.769,4.030,6.444
2017-09-02T00:00:00,1.967,8.293,9.346,6.498,7.389
2017-09-03T00:00:00,4.538,9.870,16.271,16.288,16.376
2017-09-04T00:00:00,2.272,6.181,7.047,15.005,7.865
2017-09-05T00:00:00,2.566,1.668,2.632,10.667,1.209
2017-09-06T00:00:00,0.963,0.090,2.589,5.386,6.023
2017-09-07T00:00:00,0.647,0.170,3.395,0.665,6.277
2017-09-08T00:00:00,0.888,0.614,5.426,7.652,11.120
2017-09-09T00:00:00,0.386,0.117,3.259,19.742,7.339
2017-09-10T00:00:00,2.511,2.141,17.839,20.075,30.374
2017-09-11T00:00:00,0.014,0.171,1.536,0.750,11.638
2017-09-12T00:00:00,0.281,2.258,6.682,3.945,1.527
2017-09-13T00:00:00,1.166,3.071,4.945,2.876,4.019
2017-09-14T00:00:00,1.767,2.386,6.359,4.397,6.598
2017-09-15T00:00:00,0.640,0.015,2.365,0.308,1.425
2017-09-16T00:00:00,0.083,0.110,1.461,0.019,0.008
2017-09-17T00:00:00,1.506,0.319,0.147,0.311,0.287
2017-09-18T00:00:00,0.529,0.456,3.446,0.262,8.927
2017-09-19T00:00:00,1.335,3.566,1.059,0.541,1.283
2017-09-20T00:00:00,4.042,0.561,10.327,2.410,19.196
2017-09-21T00:00:00,3.678,0.845,9.742,14.433,25.479
2017-09-22T00:00:00,5.389,4.083,4.841,18.124,6.655
2017-09-23T00:00:00,3.414,0.837,1.111,10.883,9.652
2017-09-24T00:00:00,1.350,0.394,9.407,2.931,14.615
2017-09-25T00:00:00,0.069,0.173,6.573,0.164,4.211
2017-09-26T00:00:00,0.016,0.018,0.253,0.034,1.593
2017-09-27T00:00:00,0.099,0.008,4.975,1.224,0.287
2017-09-28T00:00:00,0.021,0.076,1.462,0.647,0.553
2017-09-29T00:00:00,0.661,0.084,19.208,11.091,8.857
2017-09-30T00:00:00,0.485,0.442,14.109,5.933,24.458
2017-10-01T00:00:00,4.120,2.141,12.468,10.947,19.135
2017-10-02T00:00:00,2.380,0.058,6.896,16.695,15.521
2017-10-03T00:00:00,1.583,1.059,2.580,10.675,9.586
2017-10-04T00:00:00,1.426,1.544,0.553,2.963,1.688
2017-10-05T00:00:00,0.000,0.007,1.076,0.693,0.124
2017-10-06T00:00:00,0.000,0.000,0.191,0.024,0.035
2017-10-07T00:00:00,0.046,0.311,1.176,1.829,0.157
2017-10-08T00:00:00,0.048,0.016,2.002,0.091,0.950
2017-10-09T00:00:00,0.067,0.353,1.251,0.100,0.468
2017-10-10T00:00:00,0.059,0.284,3.957,0.498,7.363
2017-10-11T00:00:00,0.265,0.382,1.088,0.161,1.876
2017-10-12T00:00:00,0.148,3.414,0.713,0.764,0.261
2017-10-13T00:00:00,0.072,0.183,9.878,2.734,2.743
2017-10-14T00:00:00,0.692,0.842,7.090,22.251,17.728
2017-10-15T00:00:00,0.875,0.027,3.963,21.770,0.758
2017-10-16T00:00:00,0.371,0.000,0.343,1.096,0.202
2017-10-17T00:00:00,0.000,0.000,0.000,0.000,0.000
2017-10-18T00:00:00,0.000,0.000,0.001,0.000,0.000
2017-10-19T00:00:00,0.000,0.000,0.016,0.000,0.009
2017-10-20T00:00:00,0.002,0.000,2.935,0.047,0.840
2017-10-21T00:00:00,0.295,0.023,15.026,12.371,24.413
2017-10-22T00:00:00,0.694,0.000,30.952,14.487,10.969
2017-10-23T00:00:00,0.282,0.181,4.866,4.784,1.591
2017-10-24T00:00:00,0.640,0.886,3.787,3.968,0.871
2017-10-25T00:00:00,0.496,0.010,4.686,3.114,0.283
2017-10-26T00:00:00,0.696,0.000,0.000,0.570,0.124
2017-10-27T00:00:00,0.000,0.000,0.000,0.000,0.000
2017-10-28T00:00:00,0.000,0.000,0.003,0.000,0.000
2017-10-29T00:00:00,0.033,0.044,0.000,0.033,0.000
2017-10-30T00:00:00,0.000,1.059,5.099,0.120,4.864
2017-10-31T00:00:00,0.101,0.293,5.901,3.951,18.482
2017-11-01T00:00:00,1.124,0.209,0.525,1.596,0.013
2017-11-02T00:00:00,0.008,0.000,0.000,0.107,0.000
2017-11-03T00:00:00,0.000,0.000,0.000,0.069,0.000
2017-11-04T00:00:00,0.001,0.008,0.005,0.093,0.039
2017-11-05T00:00:00,0.001,0.011,0.071,0.083,0.052
2017-11-06T00:00:00,0.008,0.000,0.000,0.100,0.000
2017-11-07T00:00:00,0.000,0.000,0.000,0.000,0.000
2017-11-08T00:00:00,0.000,0.000,0.000,0.000,0.000
2017-11-09T00:00:00,0.071,0.000,0.000,0.045,0.000
2017-11-10T00:00:00,0.000,0.000,0.000,0.000,0.000
2017-11-11T00:00:00,0.156,0.000,0.000,0.095,0.000
2017-11-12T00:00:00,0.000,0.000,0.000,0.000,0.000
2017-11-13T00:00:00,0.000,0.000,0.000,0.000,0.000
2017-11-14T00:00:00,0.000,0.000,0.000,0.000,0.000
2017-11-15T00:00:00,0.000,0.000,0.000,0.000,0.008
2017-11-16T00:00:00,0.000,0.000,0.196,0.003,0.056
2017-11-17T00:00:00,0.000,0.000,1.434,0.004,0.382
2017-11-18T00:00:00,0.000,0.378,0.233,0.002,0.274
2017-11-19T00:00:00,0.000,0.000,0.000,0.000,0.000
2017-11-20T00:00:00,0.000,0.000,0.000,0.000,0.000
2017-11-21T00:00:00,0.015,0.000,0.262,0.485,0.000
2017-11-22T00:00:00,0.000,0.000,0.000,0.000,0.000
2017-11-23T00:00:00,0.029,0.000,0.000,0.287,0.000
2017-11-24T00:00:00,0.000,0.000,0.000,0.148,0.000
2017-11-25T00:00:00,0.000,0.000,0.000,0.001,0.000
2017-11-26T00:00:00,0.000,0.000,0.000,0.000,0.000
2017-11-27T00:00:00,0.098,0.031,0.000,0.000,0.000
2017-11-28T00:00:00,0.133,0.042,5.854,1.712,0.883
2017-11-29T00:00:00,0.729,0.087,0.051,1.138,0.684
2017-11-30T00:00:00,0.084,0.062,0.003,0.017,0.242
2017-12-01T00:00:00,0.003,0.000,0.000,0.027,0.000
2017-12-02T00:00:00,0.000,0.000,0.000,0.000,0.000
2017-12-03T00:00:00,0.000,0.000,0.000,0.000,0.000
2017-12-04T00:00:00,0.000,0.000,0.000,0.000,0.000
2017-12-05T00:00:00,0.000,0.000,0.000,0.000,0.000
2017-12-06T00:00:00,0.000,0.288,0.000,0.000,0.000
2017-12-07T00:00:00,0.000,0.000,0.000,0.000,0.000
2017-12-08T00:00:00,0.000,0.000,0.000,0.000,0.000
2017-12-09T00:00:00,0.000,0.000,0.120,0.000,0.006
2017-12-10T00:00:00,0.056,0.018,1.418,0.000,0.691
2017-12-11T00:00:00,0.000,0.000,3.214,0.089,0.863
2017-12-12T00:00:00,0.000,0.005,1.900,0.059,0.188
2017-12-13T00:00:00,0.003,0.640,0.006,0.467,0.000
2017-12-14T00:00:00,0.000,0.000,0.000,0.000,0.000
2017-12-15T00:00:00,0.015,0.005,0.000,0.000,0.000
2017-12-16T00:00:00,0.000,0.000,0.000,0.000,0.000
2017-12-17T00:00:00,0.000,0.000,0.000,0.000,0.000
2017-12-18T00:00:00,0.000,0.000,0.000,0.000,0.000
2017-12-19T00:00:00,0.000,0.000,0.000,0.000,0.000
2017-12-20T00:00:00,0.000,0.000,0.000,0.000,0.000
2017-12-21T00:00:00,0.000,0.000,0.000,0.000,0.000
2017-12-22T00:00:00,0.000,0.000,0.000,0.000,0.000
2017-12-23T00:00:00,0.000,0.000,0.000,0.000,0.000
2017-12-24T00:00:00,0.022,0.007,0.000,0.000,0.000
2017-12-25T00:00:00,0.206,0.068,0.000,0.000,0.000
2017-12-26T00:00:00,0.200,0.066,0.000,0.000,0.000
2017-12-27T00:00:00,0.000,0.000,0.000,0.000,0.000
2017-12-28T00:00:00,0.000,0.000,0.000,0.001,0.000
2017-12-29T00:00:00,0.000,0.000,0.000,0.000,0.000
2017-12-30T00:00:00,0.000,0.000,0.000,0.000,0.000
2017-12-31T00:00:00,0.000,0.000,0.000,0.000,0.000
2018-01-01T00:00:00,0.000,0.000,0.000,0.000,0.000
2018-01-02T00:00:00,0.000,0.000,0.192,0.000,0.000
2018-01-03T00:00:00,0.001,0.000,1.458,0.372,0.026
2018-01-04T00:00:00,0.043,0.000,0.815,1.039,0.058
2018-01-05T00:00:00,0.000,0.000,0.000,0.000,0.000
2018-01-06T00:00:00,0.161,0.000,0.000,0.060,0.000
2018-01-07T00:00:00,0.220,0.052,0.087,1.856,0.000
2018-01-08T00:00:00,0.018,0.000,0.000,0.648,0.000
2018-01-09T00:00:00,0.101,0.034,0.000,0.000,0.000
2018-01-10T00:00:00,0.000,0.000,0.000,0.000,0.000
2018-01-11T00:00:00,0.000,0.000,0.000,0.000,0.000
2018-01-12T00:00:00,0.000,0.000,0.000,0.000,0.000
2018-01-13T00:00:00,0.000,0.000,0.000,0.000,0.000
2018-01-14T00:00:00,0.000,0.000,0.000,0.000,0.000
2018-01-15T00:00:00,0.000,0.000,0.000,0.000,0.000
2018-01-16T00:00:00,0.000,0.000,0.415,0.000,0.000
2018-01-17T00:00:00,0.000,0.000,0.000,0.000,0.000
2018-01-18T00:00:00,0.000,0.000,0.000,0.000,0.000
2018-01-19T00:00:00,0.000,0.000,0.000,0.000,0.000
2018-01-20T00:00:00,0.000,0.000,0.000,0.000,0.000
2018-01-21T00:00:00,0.000,0.000,0.000,0.000,0.000
2018-01-22T00:00:00,0.000,0.000,0.000,0.000,0.000
2018-01-23T00:00:00,0.000,0.000,0.000,0.000,0.000
2018-01-24T00:00:00,0.000,0.008,0.000,0.000,0.000
2018-01-25T00:00:00,0.097,0.568,0.248,2.760,0.148
2018-01-26T00:00:00,0.001,0.001,0.001,0.263,0.013
2018-01-27T00:00:00,0.021,0.000,0.044,0.826,0.050
2018-01-28T00:00:00,0.012,0.004,0.000,0.639,0.057
2018-01-29T00:00:00,0.000,0.000,0.000,0.000,0.002
2018-01-30T00:00:00,0.000,0.000,0.000,0.000,0.000
2018-01-31T00:00:00,0.000,0.005,0.001,0.000,0.065
2018-02-01T00:00:00,0.000,0.000,0.000,0.000,0.002
2018-02-02T00:00:00,0.000,0.000,0.000,0.000,0.000
2018-02-03T00:00:00,0.014,0.000,0.038,0.582,0.000
2018-02-04T00:00:00,0.060,0.000,0.051,3.364,0.000
2018-02-05T00:00:00,0.027,0.000,0.225,1.181,0.003
2018-02-06T00:00:00,0.000,0.002,0.000,0.000,0.010
2018-02-07T00:00:00,0.000,0.000,0.165,0.044,0.000
2018-02-08T00:00:00,0.044,0.000,0.614,1.295,0.008
2018-02-09T00:00:00,0.706,0.000,0.003,2.748,0.000
2018-02-10T00:00:00,0.025,0.000,0.000,0.254,0.000
2018-02-11T00:00:00,0.000,0.000,0.000,0.010,0.000
2018-02-12T00:00:00,0.000,0.000,0.000,0.000,0.000
2018-02-13T00:00:00,0.000,0.001,0.000,0.000,0.000
2018-02-14T00:00:00,0.000,1.775,0.000,0.000,0.000
2018-02-15T00:00:00,0.401,0.194,1.712,4.119,1.790
2018-02-16T00:00:00,0.077,0.006,0.000,0.334,0.054
2018-02-17T00:00:00,0.000,0.000,0.000,0.000,0.000
2018-02-18T00:00:00,0.173,0.000,0.000,0.084,0.000
2018-02-19T00:00:00,0.261,0.026,0.002,1.021,0.165
2018-02-20T00:00:00,0.170,0.000,0.000,0.681,0.020
2018-02-21T00:00:00,0.000,0.000,0.000,0.007,0.000
2018-02-22T00:00:00,0.000,0.000,0.000,0.003,0.000
2018-02-23T00:00:00,0.414,0.791,0.232,1.389,1.514
2018-02-24T00:00:00,0.136,0.334,0.198,0.483,0.025
2018-02-25T00:00:00,0.010,0.038,0.196,0.137,0.127
2018-02-26T00:00:00,0.247,0.400,1.976,0.140,3.360
2018-02-27T00:00:00,0.364,0.018,4.627,2.236,2.975
2018-02-28T00:00:00,0.000,0.005,0.001,0.021,0.257
2018-03-01T00:00:00,0.000,0.000,0.000,0.000,0.000
2018-03-02T00:00:00,0.003,0.054,0.158,0.096,0.994
2018-03-03T00:00:00,0.631,1.642,20.444,5.848,9.177
2018-03-04T00:00:00,0.144,0.095,3.657,6.260,0.005
2018-03-05T00:00:00,0.551,0.039,0.483,4.360,0.151
2018-03-06T00:00:00,1.030,0.477,0.794,7.270,2.265
2018-03-07T00:00:00,1.627,0.443,0.573,15.436,0.166
2018-03-08T00:00:00,0.000,0.000,0.000,0.106,0.000
2018-03-09T00:00:00,0.000,0.005,0.001,0.000,0.084
2018-03-10T00:00:00,0.520,2.572,0.040,0.424,1.521
2018-03-11T00:00:00,0.144,0.237,0.136,0.778,0.919
2018-03-12T00:00:00,0.000,0.938,0.752,0.030,0.939
2018-03-13T00:00:00,0.234,1.045,1.390,0.516,1.689
2018-03-14T00:00:00,0.000,0.092,0.101,0.043,0.010
2018-03-15T00:00:00,0.000,0.000,0.000,0.000,0.000
2018-03-16T00:00:00,0.836,0.622,4.837,10.274,1.095
2018-03-17T00:00:00,0.177,1.241,1.907,4.198,0.270
2018-03-18T00:00:00,2.351,0.406,4.367,5.073,1.000
2018-03-19T00:00:00,0.518,0.112,0.219,3.308,0.000
2018-03-20T00:00:00,0.000,0.000,0.000,0.000,0.000
2018-03-21T00:00:00,0.000,0.000,0.000,0.000,0.000
2018-03-22T00:00:00,0.000,0.002,0.000,0.000,0.000
2018-03-23T00:00:00,0.319,3.302,4.809,0.954,6.821
2018-03-24T00:00:00,0.385,0.078,1.941,2.824,0.742
2018-03-25T00:00:00,0.000,0.000,0.182,0.103,0.000
2018-03-26T00:00:00,0.003,0.048,0.345,0.093,0.909
2018-03-27T00:00:00,0.271,0.344,3.224,2.049,2.634
2018-03-28T00:00:00,0.000,0.000,0.176,0.263,0.042
2018-03-29T00:00:00,0.057,0.215,0.290,0.000,1.799
2018-03-30T00:00:00,0.976,0.150,2.907,1.332,9.238
2018-03-31T00:00:00,0.859,1.629,4.510,0.169,11.068
2018-04-01T00:00:00,0.569,0.276,0.222,0.254,2.859
2018-04-02T00:00:00,0.181,0.102,0.385,0.053,0.462
2018-04-03T00:00:00,0.000,0.007,0.000,0.172,0.003
2018-04-04T00:00:00,0.000,0.000,0.236,0.024,0.030
2018-04-05T00:00:00,0.103,0.237,0.007,3.225,0.205
2018-04-06T00:00:00,2.239,1.212,5.652,3.808,12.181
2018-04-07T00:00:00,0.050,6.472,0.286,0.568,2.918
2018-04-08T00:00:00,0.154,5.336,6.175,2.238,7.866
2018-04-09T00:00:00,0.187,0.164,1.227,0.201,4.035
2018-04-10T00:00:00,0.004,2.118,5.192,0.388,3.052
2018-04-11T00:00:00,0.016,0.108,4.782,1.512,14.162
2018-04-12T00:00:00,0.181,5.100,6.106,4.251,8.567
2018-04-13T00:00:00,0.947,0.197,14.384,12.434,31.970
2018-04-14T00:00:00,0.425,1.077,4.774,6.344,7.876
2018-04-15T00:00:00,0.675,0.075,2.051,9.121,1.395
2018-04-16T00:00:00,0.023,0.111,0.145,0.587,1.064
2018-04-17T00:00:00,0.000,1.461,0.718,0.023,2.283
2018-04-18T00:00:00,0.925,3.964,0.985,0.706,2.794
2018-04-19T00:00:00,0.714,0.205,2.769,3.067,4.061
2018-04-20T00:00:00,0.005,2.149,2.667,0.165,5.547
2018-04-21T00:00:00,1.148,0.377,11.342,7.712,12.993
2018-04-22T00:00:00,0.525,1.837,5.745,5.426,6.389
2018-04-23T00:00:00,0.454,0.146,1.570,8.043,3.924
2018-04-24T00:00:00,0.127,0.118,1.602,2.831,3.208
2018-04-25T00:00:00,1.441,0.083,0.232,0.605,2.075
2018-04-26T00:00:00,2.155,0.954,8.923,2.045,7.470
2018-04-27T00:00:00,0.057,0.009,0.148,0.317,1.059
2018-04-28T00:00:00,0.001,0.563,0.668,0.027,0.530
2018-04-29T00:00:00,0.658,1.222,7.528,0.146,8.263
2018-04-30T00:00:00,0.945,2.675,1.764,0.625,20.941
2018-05-01T00:00:00,4.745,4.739,3.511,7.861,13.688
2018-05-02T00:00:00,1.172,0.735,3.302,2.176,10.248
2018-05-03T00:00:00,1.197,2.298,7.141,2.167,4.805
2018-05-04T00:00:00,0.455,1.706,0.463,0.714,11.044
2018-05-05T00:00:00,1.670,0.966,8.264,17.706,8.889
2018-05-06T00:00:00,1.271,0.540,6.821,1.813,7.232
2018-05-07T00:00:00,0.382,0.893,7.792,2.909,5.900
2018-05-08T00:00:00,0.694,0.123,10.786,4.100,14.533
2018-05-09T00:00:00,1.151,0.550,4.780,4.492,8.623
2018-05-10T00:00:00,0.403,0.214,14.943,5.030,9.032
2018-05-11T00:00:00,0.797,1.546,2.086,3.143,10.413
2018-05-12T00:00:00,1.312,0.004,0.227,3.383,0.677
2018-05-13T00:00:00,0.000,0.219,0.294,1.286,0.038
2018-05-14T00:00:00,0.009,4.475,0.597,0.556,4.717
2018-05-15T00:00:00,0.042,3.029,0.376,0.977,6.494
2018-05-16T00:00:00,0.163,0.112,2.667,1.252,6.218
2018-05-17T00:00:00,1.923,3.628,3.810,2.483,1.261
2018-05-18T00:00:00,0.056,5.220,3.551,3.638,1.089
2018-05-19T00:00:00,0.006,0.217,0.958,0.204,1.422
2018-05-20T00:00:00,0.145,0.505,0.733,0.611,2.111
2018-05-21T00:00:00,0.028,0.187,2.465,2.229,4.499
2018-05-22T00:00:00,0.000,0.160,1.085,0.092,1.436
2018-05-23T00:00:00,0.130,1.171,4.756,8.200,3.740
2018-05-24T00:00:00,0.866,0.217,7.980,23.996,14.663
2018-05-25T00:00:00,0.314,1.088,15.875,13.588,40.894
2018-05-26T00:00:00,0.505,0.865,20.436,4.844,23.295
2018-05-27T00:00:00,0.632,4.949,15.093,10.837,30.480
2018-05-28T00:00:00,1.247,3.227,13.028,5.397,35.535
2018-05-29T00:00:00,2.038,0.548,10.236,2.269,10.891
2018-05-30T00:00:00,3.144,1.100,1.073,1.737,1.094
2018-05-31T00:00:00,5.893,3.379,0.959,1.717,1.992
2018-06-01T00:00:00,1.940,8.103,2.467,1.290,7.041
2018-06-02T00:00:00,2.332,4.311,3.557,0.670,2.434
2018-06-03T00:00:00,1.685,0.612,3.531,2.976,3.037
2018-06-04T00:00:00,5.152,2.019,1.340,6.165,0.780
2018-06-05T00:00:00,1.294,0.808,2.578,1.268,4.589
2018-06-06T00:00:00,0.000,0.638,2.060,0.085,0.588
2018-06-07T00:00:00,0.706,0.280,10.089,9.893,3.121
2018-06-08T00:00:00,3.968,2.188,5.993,3.119,5.604
2018-06-09T00:00:00,0.061,2.737,0.604,0.059,6.110
2018-06-10T00:00:00,0.102,0.278,2.105,0.117,1.482
2018-06-11T00:00:00,3.435,0.659,7.941,2.133,10.735
2018-06-12T00:00:00,8.369,1.149,8.473,2.144,11.821
2018-06-13T00:00:00,3.019,1.836,40.926,7.361,6.432
2018-06-14T00:00:00,3.313,1.368,28.725,19.374,34.394
2018-06-15T00:00:00,9.113,5.265,22.392,13.985,29.708
2018-06-16T00:00:00,3.446,4.858,9.308,9.101,28.533
2018-06-17T00:00:00,2.432,1.615,13.621,12.284,22.356
2018-06-18T00:00:00,1.995,0.320,9.971,6.141,18.513
2018-06-19T00:00:00,0.608,0.349,1.659,1.683,5.445
2018-06-20T00:00:00,0.113,0.068,0.326,0.594,4.546
2018-06-21T00:00:00,0.516,0.775,1.349,5.988,6.310
2018-06-22T00:00:00,0.348,2.182,6.083,9.105,31.237
2018-06-23T00:00:00,0.928,0.747,3.422,12.772,17.643
2018-06-24T00:00:00,0.764,0.274,11.104,15.732,13.887
2018-06-25T00:00:00,0.712,1.676,6.886,5.340,12.355
2018-06-26T00:00:00,0.053,3.018,6.447,4.954,8.549
2018-06-27T00:00:00,0.536,2.561,15.226,7.193,5.504
2018-06-28T00:00:00,4.846,0.824,11.449,9.517,8.244
2018-06-29T00:00:00,9.748,2.536,4.124,6.263,3.919
2018-06-30T00:00:00,1.835,2.511,7.586,9.418,7.687
2018-07-01T00:00:00,3.040,1.724,6.815,17.483,40.018
2018-07-02T00:00:00,7.415,6.312,6.002,26.590,23.097
2018-07-03T00:00:00,3.602,7.489,8.295,18.618,22.962
2018-07-04T00:00:00,2.803,0.443,19.742,18.870,21.544
2018-07-05T00:00:00,0.695,3.054,8.567,6.898,20.264
2018-07-06T00:00:00,0.247,0.232,4.355,1.421,6.115
2018-07-07T00:00:00,1.131,0.564,0.877,2.230,2.405
2018-07-08T00:00:00,2.883,1.523,12.229,22.265,13.651
2018-07-09T00:00:00,16.750,3.269,7.149,30.294,4.793
2018-07-10T00:00:00,15.136,12.131,2.567,19.858,5.069
2018-07-11T00:00:00,9.118,20.456,14.135,9.813,3.234
2018-07-12T00:00:00,5.449,6.289,8.011,9.148,7.727
2018-07-13T00:00:00,9.284,6.004,8.973,15.101,15.619
2018-07-14T00:00:00,3.366,7.726,2.709,1.116,6.657
2018-07-15T00:00:00,10.928,10.798,14.002,6.146,7.738
2018-07-16T00:00:00,7.692,13.096,5.955,9.357,4.803
2018-07-17T00:00:00,4.812,1.389,2.453,21.271,2.990
2018-07-18T00:00:00,5.365,3.604,2.046,1.946,2.695
2018-07-19T00:00:00,4.249,6.884,0.699,1.283,1.587
2018-07-20T00:00:00,7.460,6.911,2.597,2.554,0.886
2018-07-21T00:00:00,6.931,5.115,5.411,7.886,13.570
2018-07-22T00:00:00,8.257,13.015,8.254,5.012,5.837
2018-07-23T00:00:00,9.180,15.014,14.067,16.690,8.114
2018-07-24T00:00:00,2.721,10.872,5.685,13.682,13.221
2018-07-25T00:00:00,0.524,2.661,9.705,8.334,11.351
2018-07-26T00:00:00,0.158,2.372,10.251,2.132,11.375
2018-07-27T00:00:00,0.101,3.171,5.223,1.169,7.836
2018-07-28T00:00:00,1.414,12.083,17.374,4.606,5.195
2018-07-29T00:00:00,10.654,6.090,31.702,10.000,18.478
2018-07-30T00:00:00,3.600,4.149,9.130,10.732,9.971
2018-07-31T00:00:00,8.902,7.594,12.278,11.446,14.093
2018-08-01T00:00:00,15.485,7.854,23.816,6.469,22.329
2018-08-02T00:00:00,5.298,7.079,17.165,6.837,26.864
2018-08-03T00:00:00,2.198,5.850,3.091,4.516,11.990
2018-08-04T00:00:00,5.759,5.398,9.866,23.149,2.014
2018-08-05T00:00:00,1.794,11.553,3.354,1.871,4.690
2018-08-06T00:00:00,3.840,8.650,2.920,2.272,9.887
2018-08-07T00:00:00,2.839,10.639,0.804,0.753,13.246
2018-08-08T00:00:00,0.516,1.854,10.337,10.509,5.504
2018-08-09T00:00:00,0.119,0.944,3.050,1.202,0.995
2018-08-10T00:00:00,9.681,5.716,2.449,6.144,6.048
2018-08-11T00:00:00,6.089,5.273,1.699,4.330,19.820
2018-08-12T00:00:00,11.531,12.561,9.441,8.581,25.022
2018-08-13T00:00:00,4.775,2.022,19.282,7.497,21.710
2018-08-14T00:00:00,2.099,6.023,3.782,3.354,3.818
2018-08-15T00:00:00,2.100,5.404,6.390,6.681,9.605
2018-08-16T00:00:00,4.641,6.496,2.759,0.598,9.717
2018-08-17T00:00:00,4.516,1.516,11.841,2.988,4.677
2018-08-18T00:00:00,4.276,3.338,2.795,1.725,8.379
2018-08-19T00:00:00,1.018,1.563,1.736,0.848,4.722
2018-08-20T00:00:00,2.984,5.238,7.728,2.508,13.596
2018-08-21T00:00:00,2.291,5.519,6.513,7.210,2.788
2018-08-22T00:00:00,8.027,10.728,10.132,10.360,5.215
2018-08-23T00:00:00,4.926,3.248,5.127,11.758,14.930
2018-08-24T00:00:00,2.456,6.389,7.666,0.928,11.101
2018-08-25T00:00:00,7.386,9.020,8.862,17.365,15.686
2018-08-26T00:00:00,2.282,7.695,12.974,4.056,10.459
2018-08-27T00:00:00,7.823,3.979,5.395,8.032,10.821
2018-08-28T00:00:00,10.155,7.517,26.746,8.952,7.390
2018-08-29T00:00:00,4.056,6.154,7.097,11.393,2.849
2018-08-30T00:00:00,8.236,12.621,5.041,11.740,8.339
2018-08-31T00:00:00,2.710,4.322,9.506,2.302,8.708
2018-09-01T00:00:00,1.289,0.225,6.354,4.195,3.699
2018-09-02T00:00:00,2.191,0.889,4.654,9.144,9.475
2018-09-03T00:00:00,1.367,1.172,5.802,17.180,10.050
2018-09-04T00:00:00,1.283,1.214,4.859,4.880,3.568
2018-09-05T00:00:00,0.266,1.402,9.584,0.017,7.070
2018-09-06T00:00:00,0.292,0.720,6.547,0.124,5.950
2018-09-07T00:00:00,0.874,4.966,2.464,4.470,12.298
2018-09-08T00:00:00,0.081,0.153,0.163,7.303,1.127
2018-09-09T00:00:00,0.517,0.095,2.828,22.165,10.982
2018-09-10T00:00:00,4.046,1.706,10.295,24.447,23.101
2018-09-11T00:00:00,8.729,3.554,12.657,21.425,27.700
2018-09-12T00:00:00,4.419,3.097,17.968,16.457,47.289
2018-09-13T00:00:00,9.734,1.687,8.200,22.469,21.041
2018-09-14T00:00:00,5.429,2.138,9.155,16.980,45.472
2018-09-15T00:00:00,3.109,0.663,3.564,1.441,15.058
2018-09-16T00:00:00,0.449,0.084,0.160,0.320,4.806
2018-09-17T00:00:00,0.367,0.000,0.001,0.490,0.000
2018-09-18T00:00:00,0.071,0.002,0.124,0.072,0.001
2018-09-19T00:00:00,0.002,0.000,0.989,0.190,0.000
2018-09-20T00:00:00,0.600,0.000,0.007,0.472,0.615
2018-09-21T00:00:00,0.921,0.288,0.916,0.326,6.582
2018-09-22T00:00:00,9.674,1.845,8.961,18.542,6.757
2018-09-23T00:00:00,0.971,0.532,2.822,7.022,0.312
2018-09-24T00:00:00,0.185,0.916,1.970,12.216,0.218
2018-09-25T00:00:00,0.269,1.407,7.932,8.883,8.862
2018-09-26T00:00:00,0.243,0.066,15.412,5.712,5.450
2018-09-27T00:00:00,0.280,0.017,3.784,3.304,0.461
2018-09-28T00:00:00,2.794,0.010,6.981,8.208,1.434
2018-09-29T00:00:00,0.644,0.000,2.978,0.859,0.002
2018-09-30T00:00:00,2.306,0.130,14.546,1.046,0.966
2018-10-01T00:00:00,0.429,0.188,3.679,3.310,0.881
2018-10-02T00:00:00,0.573,0.299,4.396,4.327,5.673
2018-10-03T00:00:00,0.996,0.000,2.102,2.673,0.410
2018-10-04T00:00:00,0.182,0.067,0.010,0.654,1.494
2018-10-05T00:00:00,0.388,0.269,0.000,0.540,0.131
2018-10-06T00:00:00,0.373,0.139,0.892,0.223,0.076
2018-10-07T00:00:00,0.329,0.036,0.014,0.337,0.466
2018-10-08T00:00:00,0.484,0.061,0.530,3.864,0.108
2018-10-09T00:00:00,1.778,0.063,3.124,4.683,0.475
2018-10-10T00:00:00,0.078,0.138,0.156,0.064,1.095
2018-10-11T00:00:00,0.689,0.000,1.211,1.214,0.469
2018-10-12T00:00:00,0.022,0.156,4.158,0.802,6.320
2018-10-13T00:00:00,0.257,0.046,1.675,9.917,0.901
2018-10-14T00:00:00,0.043,0.003,3.772,3.104,0.390
2018-10-15T00:00:00,1.280,0.000,2.359,2.655,1.207
2018-10-16T00:00:00,0.026,0.000,0.122,1.076,0.002
2018-10-17T00:00:00,0.000,0.000,0.000,0.000,0.027
2018-10-18T00:00:00,0.000,0.003,0.260,0.000,0.000
2018-10-19T00:00:00,0.004,0.000,0.009,0.050,0.472
2018-10-20T00:00:00,0.000,0.000,0.000,0.026,0.000
2018-10-21T00:00:00,0.005,0.000,0.000,0.046,0.014
2018-10-22T00:00:00,0.000,0.000,0.000,0.000,0.000
2018-10-23T00:00:00,0.015,0.000,0.000,0.033,0.000
2018-10-24T00:00:00,0.585,0.006,0.000,0.221,0.000
2018-10-25T00:00:00,0.035,0.003,0.014,0.327,0.000
2018-10-26T00:00:00,0.003,0.053,0.000,0.001,0.000
2018-10-27T00:00:00,0.000,0.000,0.000,0.001,0.000
2018-10-28T00:00:00,0.091,0.000,0.359,0.077,0.012
2018-10-29T00:00:00,0.029,0.010,0.107,0.000,1.299
2018-10-30T00:00:00,0.000,0.000,0.000,0.000,0.000
2018-10-31T00:00:00,0.000,0.000,0.014,0.000,0.395
2018-11-01T00:00:00,0.000,0.000,0.121,0.000,0.016
2018-11-02T00:00:00,0.000,0.000,0.000,0.000,0.000
2018-11-03T00:00:00,0.012,0.015,0.560,0.195,0.208
2018-11-04T00:00:00,0.111,1.264,0.839,1.591,0.000
2018-11-05T00:00:00,0.209,0.177,2.554,6.324,1.522
2018-11-06T00:00:00,0.268,0.000,2.443,6.447,1.566
2018-11-07T00:00:00,0.658,0.000,0.537,5.346,0.095
2018-11-08T00:00:00,0.000,0.000,0.000,0.015,0.000
2018-11-09T00:00:00,0.000,0.000,0.000,0.002,0.000
2018-11-10T00:00:00,0.000,0.000,0.000,0.000,0.000
2018-11-11T00:00:00,0.000,0.000,0.000,0.000,0.004
2018-11-12T00:00:00,0.126,0.000,0.000,0.117,0.000
2018-11-13T00:00:00,0.015,0.000,0.000,0.014,0.000
2018-11-14T00:00:00,0.000,0.164,0.000,0.002,0.004
2018-11-15T00:00:00,0.096,0.096,0.171,0.463,0.381
2018-11-16T00:00:00,0.466,0.019,3.613,7.771,0.374
2018-11-17T00:00:00,0.289,0.000,1.064,6.145,0.002
2018-11-18T00:00:00,0.208,0.000,0.272,6.708,0.000
2018-11-19T00:00:00,0.011,0.004,0.001,0.012,0.053
2018-11-20T00:00:00,0.000,0.000,0.000,0.001,0.000
2018-11-21T00:00:00,0.000,0.000,0.000,0.000,0.000
2018-11-22T00:00:00,0.000,0.000,0.000,0.000,0.000
2018-11-23T00:00:00,0.000,0.000,0.000,0.000,0.000
2018-11-24T00:00:00,0.000,0.000,0.000,0.000,0.000
2018-11-25T00:00:00,0.000,0.000,0.000,0.000,0.000
2018-11-26T00:00:00,0.000,0.000,0.000,0.000,0.000
2018-11-27T00:00:00,0.000,0.000,0.000,0.000,0.000
2018-11-28T00:00:00,0.000,0.000,0.000,0.000,0.000
2018-11-29T00:00:00,0.000,0.000,0.000,0.000,0.000
2018-11-30T00:00:00,0.000,0.000,0.000,0.000,0.000
2018-12-01T00:00:00,0.000,0.000,0.000,0.000,0.000
2018-12-02T00:00:00,0.004,0.000,0.000,0.042,0.010
2018-12-03T00:00:00,0.003,0.000,0.021,0.034,0.000
2018-12-04T00:00:00,0.020,0.037,0.000,0.001,0.000
2018-12-05T00:00:00,0.000,0.000,0.000,0.000,0.000
2018-12-06T00:00:00,0.000,0.000,0.000,0.000,0.000
2018-12-07T00:00:00,0.000,0.000,0.000,0.000,0.000
2018-12-08T00:00:00,0.041,0.032,0.000,0.060,0.000
2018-12-09T00:00:00,0.000,0.000,0.000,0.000,0.000
2018-12-10T00:00:00,0.026,0.000,0.000,0.029,0.000
2018-12-11T00:00:00,0.000,0.000,0.000,0.000,0.000
2018-12-12T00:00:00,0.000,0.000,0.109,0.015,0.000
2018-12-13T00:00:00,0.000,0.000,0.000,0.000,0.000
2018-12-14T00:00:00,0.001,0.076,0.000,0.000,0.000
2018-12-15T00:00:00,0.001,0.080,0.000,0.002,0.000
2018-12-16T00:00:00,0.000,0.000,0.000,0.000,0.000
2018-12-17T00:00:00,0.000,0.000,0.000,0.000,0.000
2018-12-18T00:00:00,1.674,1.790,4.812,2.164,3.061
2018-12-19T00:00:00,9.130,3.579,20.899,12.439,8.011
2018-12-20T00:00:00,0.046,0.000,0.000,0.971,0.000
2018-12-21T00:00:00,0.000,0.000,0.000,0.000,0.000
2018-12-22T00:00:00,0.000,0.000,0.000,0.000,0.000
2018-12-23T00:00:00,0.000,0.000,0.000,0.000,0.000
2018-12-24T00:00:00,0.000,0.000,0.000,0.000,0.000
2018-12-25T00:00:00,0.000,0.000,0.000,0.000,0.000
2018-12-26T00:00:00,0.000,0.000,0.000,0.000,0.000
2018-12-27T00:00:00,0.000,0.000,0.000,0.000,0.000
2018-12-28T00:00:00,0.000,0.000,0.000,0.000,0.000
2018-12-29T00:00:00,0.108,0.056,0.788,0.254,0.947
2018-12-30T00:00:00,0.000,0.000,0.000,0.018,0.000
2018-12-31T00:00:00,0.000,0.000,0.000,0.000,0.000
2019-01-01T00:00:00,0.000,0.000,0.000,0.000,0.000
2019-01-02T00:00:00,0.000,0.000,0.000,0.000,0.000
2019-01-03T00:00:00,0.121,0.000,0.000,0.084,0.000
2019-01-04T00:00:00,0.438,0.017,0.425,2.107,0.076
2019-01-05T00:00:00,0.000,0.000,0.000,0.001,0.000
2019-01-06T00:00:00,0.000,0.000,0.000,0.000,0.000
2019-01-07T00:00:00,0.000,0.000,0.000,0.000,0.000
2019-01-08T00:00:00,0.292,0.640,0.000,0.027,0.000
2019-01-09T00:00:00,0.015,0.000,0.000,0.144,0.000
2019-01-10T00:00:00,0.217,0.060,0.716,1.558,0.139
2019-01-11T00:00:00,0.000,0.004,0.000,0.000,0.035
2019-01-12T00:00:00,0.000,0.000,0.000,0.000,0.000
2019-01-13T00:00:00,0.000,0.000,0.000,0.000,0.000
2019-01-14T00:00:00,0.000,0.000,0.000,0.000,0.000
2019-01-15T00:00:00,0.000,0.000,0.000,0.000,0.000
2019-01-16T00:00:00,0.000,0.000,0.000,0.002,0.000
2019-01-17T00:00:00,0.000,0.000,0.000,0.000,0.000
2019-01-18T00:00:00,0.233,0.041,0.000,0.015,0.000
2019-01-19T00:00:00,0.032,0.000,0.000,0.027,0.000
2019-01-20T00:00:00,0.000,0.000,0.002,0.000,0.000
2019-01-21T00:00:00,0.000,0.000,0.000,0.000,0.000
2019-01-22T00:00:00,0.000,0.015,0.000,0.000,0.000
2019-01-23T00:00:00,0.000,2.447,0.000,0.000,0.000
2019-01-24T00:00:00,0.001,0.356,0.002,0.000,0.197
2019-01-25T00:00:00,0.000,0.329,0.000,0.000,0.000
2019-01-26T00:00:00,0.018,0.906,0.027,0.000,0.270
2019-01-27T00:00:00,0.008,4.051,0.012,0.000,0.097
2019-01-28T00:00:00,0.021,0.053,0.013,0.013,0.090
2019-01-29T00:00:00,0.012,0.233,0.004,0.012,0.161
2019-01-30T00:00:00,0.167,0.019,0.954,3.979,0.124
2019-01-31T00:00:00,0.000,0.000,0.000,0.219,0.000
2019-02-01T00:00:00,0.037,0.000,0.000,0.018,0.000
2019-02-02T00:00:00,0.013,0.041,0.018,0.000,0.121
2019-02-03T00:00:00,0.013,0.000,0.000,0.042,0.000
2019-02-04T00:00:00,0.000,0.000,0.000,0.000,0.000
2019-02-05T00:00:00,0.000,0.000,0.000,0.000,0.000
2019-02-06T00:00:00,0.000,0.000,0.000,0.000,0.000
2019-02-07T00:00:00,0.000,0.001,0.000,0.000,0.000
2019-02-08T00:00:00,0.031,5.527,0.052,0.000,0.946
2019-02-09T00:00:00,0.327,4.708,1.885,1.065,4.716
2019-02-10T00:00:00,0.579,8.724,1.963,2.661,4.521
2019-02-11T00:00:00,0.015,0.000,0.002,0.480,0.019
2019-02-12T00:00:00,0.169,0.009,0.000,0.026,0.000
2019-02-13T00:00:00,0.036,0.000,0.000,0.032,0.000
2019-02-14T00:00:00,0.000,0.000,0.000,0.000,0.000
2019-02-15T00:00:00,0.000,0.130,0.000,0.000,0.000
2019-02-16T00:00:00,0.014,1.701,0.000,0.125,0.043
2019-02-17T00:00:00,0.074,3.231,0.791,1.996,5.538
2019-02-18T00:00:00,0.271,0.342,9.437,7.997,0.111
2019-02-19T00:00:00,0.106,0.167,1.675,3.965,1.240
2019-02-20T00:00:00,0.086,0.447,1.003,1.581,0.714
2019-02-21T00:00:00,0.000,0.989,0.003,0.022,0.005
2019-02-22T00:00:00,0.000,1.619,0.000,0.000,0.000
2019-02-23T00:00:00,0.003,0.097,0.201,0.214,0.000
2019-02-24T00:00:00,0.055,0.000,0.980,2.517,0.097
2019-02-25T00:00:00,0.048,0.010,0.000,0.885,0.000
2019-02-26T00:00:00,0.716,1.619,0.455,2.032,2.193
2019-02-27T00:00:00,0.140,0.866,0.182,6.306,0.000
2019-02-28T00:00:00,0.200,4.871,3.578,1.662,5.218
2019-03-01T00:00:00,1.137,3.642,8.665,6.065,6.712
2019-03-02T00:00:00,0.042,0.000,0.000,0.068,0.009
2019-03-03T00:00:00,0.000,0.007,0.000,0.000,0.000
2019-03-04T00:00:00,0.342,0.568,0.089,0.582,0.082
2019-03-05T00:00:00,0.081,0.143,1.624,2.517,0.811
2019-03-06T00:00:00,0.132,0.801,4.109,1.978,11.656
2019-03-07T00:00:00,0.202,0.001,2.718,3.809,0.119
2019-03-08T00:00:00,0.055,0.001,0.000,0.181,0.000
2019-03-09T00:00:00,0.011,0.369,0.248,0.207,0.001
2019-03-10T00:00:00,0.002,0.482,0.006,0.036,0.559
2019-03-11T00:00:00,0.005,0.098,0.012,0.002,1.007
2019-03-12T00:00:00,0.000,0.002,0.000,0.000,0.005
2019-03-13T00:00:00,0.001,0.016,0.001,0.257,0.000
2019-03-14T00:00:00,0.000,0.000,0.000,0.000,0.000
2019-03-15T00:00:00,0.033,0.405,0.000,0.147,0.000
2019-03-16T00:00:00,0.110,0.043,0.029,1.838,0.122
2019-03-17T00:00:00,0.638,0.000,0.132,2.055,0.016
2019-03-18T00:00:00,0.290,0.022,0.117,0.470,0.000
2019-03-19T00:00:00,0.125,0.396,0.901,3.055,2.985
2019-03-20T00:00:00,0.154,0.280,3.283,1.283,1.798
2019-03-21T00:00:00,0.296,1.387,0.272,2.101,3.692
2019-03-22T00:00:00,0.408,0.569,0.401,1.110,0.244
2019-03-23T00:00:00,0.841,0.028,1.295,2.663,0.345
2019-03-24T00:00:00,0.391,0.008,0.008,1.892,0.057
2019-03-25T00:00:00,0.021,0.000,0.000,0.023,0.000
2019-03-26T00:00:00,0.172,0.226,0.010,0.090,0.151
2019-03-27T00:00:00,0.943,4.653,3.786,2.507,8.629
2019-03-28T00:00:00,0.215,0.435,1.888,1.468,0.043
2019-03-29T00:00:00,0.026,0.000,0.000,0.030,0.000
2019-03-30T00:00:00,0.304,0.000,0.013,0.453,0.067
2019-03-31T00:00:00,1.302,6.029,8.999,4.302,7.549
2019-04-01T00:00:00,1.825,1.872,15.161,5.571,14.312
2019-04-02T00:00:00,1.262,0.613,2.161,5.532,0.776
2019-04-03T00:00:00,0.305,0.965,5.799,13.110,3.167
2019-04-04T00:00:00,0.093,0.006,0.009,0.625,0.000
2019-04-05T00:00:00,0.029,0.023,7.735,2.430,0.283
2019-04-06T00:00:00,0.010,1.698,0.255,0.042,7.192
2019-04-07T00:00:00,0.093,1.291,11.706,0.309,15.404
2019-04-08T00:00:00,1.826,1.495,5.159,1.543,1.952
2019-04-09T00:00:00,0.292,0.058,6.149,1.794,19.960
2019-04-10T00:00:00,0.221,3.397,8.938,10.605,2.927
2019-04-11T00:00:00,0.000,0.000,0.000,0.213,0.000
2019-04-12T00:00:00,0.000,0.014,0.052,0.000,0.039
2019-04-13T00:00:00,0.001,0.016,0.009,0.015,0.883
2019-04-14T00:00:00,0.081,0.007,1.391,1.016,3.121
2019-04-15T00:00:00,0.656,0.406,5.804,1.261,5.880
2019-04-16T00:00:00,2.540,0.091,9.335,1.883,13.383
2019-04-17T00:00:00,0.896,1.568,12.850,3.460,13.737
2019-04-18T00:00:00,0.329,5.002,0.453,0.217,1.376
2019-04-19T00:00:00,0.632,1.558,0.782,2.544,2.993
2019-04-20T00:00:00,0.228,0.862,0.112,1.540,0.616
2019-04-21T00:00:00,0.403,0.416,4.292,2.437,2.378
2019-04-22T00:00:00,0.579,2.643,1.551,0.182,9.610
2019-04-23T00:00:00,0.717,0.617,0.632,0.172,2.499
2019-04-24T00:00:00,0.514,1.005,0.454,0.734,0.075
2019-04-25T00:00:00,0.000,0.068,0.420,0.122,0.100
2019-04-26T00:00:00,0.307,0.453,0.051,0.450,0.523
2019-04-27T00:00:00,0.052,1.052,3.903,0.590,1.706
2019-04-28T00:00:00,0.172,1.454,9.699,0.947,16.063
2019-04-29T00:00:00,0.551,0.383,13.397,6.310,23.485
2019-04-30T00:00:00,0.216,3.190,12.044,8.715,5.591
2019-05-01T00:00:00,0.881,1.837,20.119,14.970,8.658
2019-05-02T00:00:00,0.197,0.516,26.073,9.793,24.599
2019-05-03T00:00:00,0.085,0.341,5.580,6.371,23.024
2019-05-04T00:00:00,0.164,1.374,7.581,0.873,12.719
2019-05-05T00:00:00,2.246,0.211,41.282,13.403,17.833
2019-05-06T00:00:00,0.598,0.000,5.391,11.013,1.401
2019-05-07T00:00:00,0.585,0.009,4.388,15.057,0.428
2019-05-08T00:00:00,0.088,0.071,1.495,1.545,2.003
2019-05-09T00:00:00,0.697,0.079,3.856,11.886,5.431
2019-05-10T00:00:00,0.640,0.161,4.584,6.244,5.121
2019-05-11T00:00:00,0.092,0.075,4.866,5.270,5.696
2019-05-12T00:00:00,2.018,0.147,2.477,10.324,3.437
2019-05-13T00:00:00,0.484,0.767,3.827,13.577,9.640
2019-05-14T00:00:00,3.440,0.211,8.427,5.151,6.053
2019-05-15T00:00:00,2.349,1.703,8.405,5.769,4.038
2019-05-16T00:00:00,0.202,0.342,4.543,1.018,3.004
2019-05-17T00:00:00,0.325,3.441,8.761,1.929,8.318
2019-05-18T00:00:00,0.831,1.099,8.756,7.122,12.295
2019-05-19T00:00:00,0.354,0.086,4.491,4.431,30.241
2019-05-20T00:00:00,0.880,0.064,2.369,5.104,2.416
2019-05-21T00:00:00,0.205,0.919,3.787,2.426,8.466
2019-05-22T00:00:00,0.783,5.113,10.079,4.002,13.238
2019-05-23T00:00:00,4.330,4.020,27.194,9.236,13.168
2019-05-24T00:00:00,1.763,1.009,7.552,5.143,12.400
2019-05-25T00:00:00,0.213,0.046,11.440,1.153,12.160
2019-05-26T00:00:00,0.191,4.716,8.679,15.163,5.674
2019-05-27T00:00:00,0.760,0.311,5.256,11.376,15.454
2019-05-28T00:00:00,1.086,4.659,3.661,1.965,12.169
2019-05-29T00:00:00,0.419,0.127,2.578,0.561,5.793
2019-05-30T00:00:00,3.895,1.120,7.575,1.984,8.244
2019-05-31T00:00:00,2.935,0.858,5.899,2.051,10.509
2019-06-01T00:00:00,0.351,0.241,4.993,0.953,4.314
2019-06-02T00:00:00,0.006,3.259,0.206,0.085,8.440
2019-06-03T00:00:00,0.485,6.180,0.635,0.109,12.092
2019-06-04T00:00:00,0.554,4.205,15.227,9.987,3.585
2019-06-05T00:00:00,0.279,0.395,3.564,0.498,2.639
2019-06-06T00:00:00,1.313,0.346,1.539,1.302,1.896
2019-06-07T00:00:00,1.384,0.657,6.608,4.209,1.115
2019-06-08T00:00:00,1.131,1.954,2.030,9.931,4.401
2019-06-09T00:00:00,1.524,0.677,3.180,18.666,10.110
2019-06-10T00:00:00,0.916,2.497,7.004,14.954,4.816
2019-06-11T00:00:00,1.978,0.856,5.367,3.391,21.760
2019-06-12T00:00:00,0.866,2.168,4.713,0.612,5.620
2019-06-13T00:00:00,0.013,0.216,0.540,0.077,0.015
2019-06-14T00:00:00,0.254,0.000,14.824,2.065,0.264
2019-06-15T00:00:00,0.206,2.294,10.915,19.108,26.579
2019-06-16T00:00:00,0.726,2.345,14.910,12.885,6.192
2019-06-17T00:00:00,0.799,1.212,8.339,8.395,13.411
2019-06-18T00:00:00,3.441,0.194,3.510,5.606,7.602
2019-06-19T00:00:00,2.226,0.736,2.943,0.701,6.243
2019-06-20T00:00:00,0.198,0.042,2.902,0.865,1.480
2019-06-21T00:00:00,1.488,0.805,7.681,7.489,4.173
2019-06-22T00:00:00,0.178,0.043,6.464,7.192,4.728
2019-06-23T00:00:00,0.728,1.652,0.701,7.273,2.425
2019-06-24T00:00:00,0.222,5.985,1.490,9.346,2.920
2019-06-25T00:00:00,2.827,0.453,3.685,14.251,15.862
2019-06-26T00:00:00,4.136,0.450,26.414,15.983,38.542
2019-06-27T00:00:00,1.598,2.928,18.574,22.031,24.315
2019-06-28T00:00:00,0.456,2.925,18.918,16.006,24.105
2019-06-29T00:00:00,0.291,0.223,6.822,5.409,21.274
2019-06-30T00:00:00,0.482,0.108,1.168,0.853,3.739
2019-07-01T00:00:00,0.596,0.854,0.640,0.260,1.398
2019-07-02T00:00:00,2.222,1.090,10.352,17.268,8.869
2019-07-03T00:00:00,5.199,2.306,10.607,19.793,0.626
2019-07-04T00:00:00,9.181,5.643,12.264,11.002,3.589
2019-07-05T00:00:00,7.476,4.224,8.949,9.907,3.405
2019-07-06T00:00:00,3.278,1.908,6.437,3.081,20.233
2019-07-07T00:00:00,4.267,5.569,17.984,27.364,28.619
2019-07-08T00:00:00,6.261,9.720,13.501,21.024,28.884
2019-07-09T00:00:00,9.835,6.576,31.567,29.661,50.057
2019-07-10T00:00:00,9.368,4.580,26.615,33.341,42.539
2019-07-11T00:00:00,12.290,6.524,21.025,27.308,42.429
2019-07-12T00:00:00,12.394,5.707,12.967,23.819,28.825
2019-07-13T00:00:00,17.523,8.551,12.199,31.605,51.294
2019-07-14T00:00:00,8.217,6.146,6.968,19.204,49.374
2019-07-15T00:00:00,14.781,6.446,29.867,15.253,55.224
2019-07-16T00:00:00,5.461,6.613,18.972,20.094,19.854
2019-07-17T00:00:00,3.330,6.953,4.108,3.984,7.334
2019-07-18T00:00:00,3.190,1.290,0.768,0.866,0.188
2019-07-19T00:00:00,11.557,4.565,7.043,1.617,10.126
2019-07-20T00:00:00,0.667,4.125,2.616,4.156,8.914
2019-07-21T00:00:00,3.231,1.759,2.666,10.891,18.473
2019-07-22T00:00:00,4.590,4.009,6.265,22.442,26.236
2019-07-23T00:00:00,8.622,5.768,16.783,20.909,39.863
2019-07-24T00:00:00,3.442,3.599,8.692,10.561,40.002
2019-07-25T00:00:00,0.431,4.374,3.621,5.981,18.537
2019-07-26T00:00:00,5.114,1.419,20.152,10.314,7.103
2019-07-27T00:00:00,7.311,4.073,12.604,8.251,20.366
2019-07-28T00:00:00,0.746,3.763,3.577,3.361,6.120
2019-07-29T00:00:00,1.488,2.990,11.024,11.026,4.811
2019-07-30T00:00:00,11.434,9.611,3.848,12.238,3.484
2019-07-31T00:00:00,4.993,3.072,10.798,24.751,3.011
2019-08-01T00:00:00,4.079,10.403,25.599,11.568,5.946
2019-08-02T00:00:00,5.630,13.188,6.850,3.387,6.361
2019-08-03T00:00:00,6.744,4.210,14.710,7.975,4.568
2019-08-04T00:00:00,3.687,7.339,2.036,1.794,2.390
2019-08-05T00:00:00,11.014,7.827,4.702,5.320,8.277
2019-08-06T00:00:00,7.326,7.048,0.557,1.972,1.374
2019-08-07T00:00:00,6.760,5.001,2.220,0.938,21.747
2019-08-08T00:00:00,15.676,8.977,7.712,1.922,19.091
2019-08-09T00:00:00,5.259,2.567,8.825,6.142,4.575
2019-08-10T00:00:00,0.609,3.515,3.181,1.598,5.302
2019-08-11T00:00:00,1.828,4.787,3.232,0.650,1.832
2019-08-12T00:00:00,12.982,5.823,2.279,1.769,0.760
2019-08-13T00:00:00,6.309,6.029,9.546,1.406,20.749
2019-08-14T00:00:00,3.065,3.674,10.186,10.224,21.322
2019-08-15T00:00:00,1.643,1.317,13.058,9.809,12.577
2019-08-16T00:00:00,0.099,1.152,11.076,4.711,10.767
2019-08-17T00:00:00,0.861,5.485,3.671,0.351,13.776
2019-08-18T00:00:00,0.026,0.695,5.766,3.550,3.460
2019-08-19T00:00:00,0.187,1.127,0.184,14.168,2.891
2019-08-20T00:00:00,0.089,1.766,1.631,6.162,0.444
2019-08-21T00:00:00,0.254,0.244,1.468,1.242,0.711
2019-08-22T00:00:00,0.875,0.544,0.883,0.828,2.658
2019-08-23T00:00:00,0.327,3.076,4.235,6.248,2.745
2019-08-24T00:00:00,2.108,1.228,13.543,6.952,17.547
2019-08-25T00:00:00,1.261,8.143,2.316,0.023,14.415
2019-08-26T00:00:00,0.082,2.021,0.187,0.035,2.320
2019-08-27T00:00:00,0.076,1.137,5.891,0.983,1.148
2019-08-28T00:00:00,0.100,0.321,4.539,8.174,0.016
2019-08-29T00:00:00,0.101,0.393,1.695,0.125,8.325
2019-08-30T00:00:00,4.418,2.960,0.633,11.658,8.614
2019-08-31T00:00:00,4.859,2.992,19.523,5.583,24.041
2019-09-01T00:00:00,2.571,1.345,4.394,2.148,2.839
2019-09-02T00:00:00,6.132,3.382,0.230,2.942,0.486
2019-09-03T00:00:00,9.279,9.203,5.344,2.384,9.860
2019-09-04T00:00:00,7.402,11.083,6.344,2.422,17.004
2019-09-05T00:00:00,2.786,6.147,12.527,6.120,3.194
2019-09-06T00:00:00,0.504,2.606,5.776,6.190,12.143
2019-09-07T00:00:00,1.353,3.328,7.098,0.813,5.580
2019-09-08T00:00:00,1.707,4.188,17.013,6.585,7.892
2019-09-09T00:00:00,3.220,0.155,7.253,30.059,6.996
2019-09-10T00:00:00,3.453,0.657,4.402,29.489,5.756
2019-09-11T00:00:00,1.968,0.836,9.827,11.791,9.972
2019-09-12T00:00:00,1.452,3.319,7.843,6.992,9.159
2019-09-13T00:00:00,6.187,1.512,22.002,11.011,35.489
2019-09-14T00:00:00,7.022,2.468,13.489,13.071,21.110
2019-09-15T00:00:00,1.710,1.109,2.897,17.358,8.647
2019-09-16T00:00:00,4.559,1.115,7.013,17.478,15.139
2019-09-17T00:00:00,2.995,4.611,10.786,7.576,16.625
2019-09-18T00:00:00,1.665,6.377,4.971,1.675,14.914
2019-09-19T00:00:00,2.115,1.991,1.378,2.190,1.121
2019-09-20T00:00:00,5.960,4.829,0.363,0.875,2.406
2019-09-21T00:00:00,0.998,0.130,2.207,1.387,2.790
2019-09-22T00:00:00,2.694,1.026,2.382,2.990,6.852
2019-09-23T00:00:00,2.286,1.158,18.851,15.411,17.242
2019-09-24T00:00:00,9.091,5.381,18.403,36.124,27.353
2019-09-25T00:00:00,0.183,1.049,16.666,4.569,49.145
2019-09-26T00:00:00,0.011,2.554,10.189,0.846,8.673
2019-09-27T00:00:00,0.036,2.581,4.653,4.119,1.361
2019-09-28T00:00:00,1.526,6.687,1.588,1.745,14.812
2019-09-29T00:00:00,4.990,6.520,9.524,5.531,21.813
2019-09-30T00:00:00,1.829,2.661,4.536,0.762,19.169
2019-10-01T00:00:00,1.664,4.103,11.668,6.493,29.827
2019-10-02T00:00:00,0.396,0.608,3.892,0.554,6.621
2019-10-03T00:00:00,0.012,1.889,6.260,0.108,2.216
2019-10-04T00:00:00,0.269,0.578,4.084,2.026,0.342
2019-10-05T00:00:00,0.071,0.003,5.529,0.465,10.211
2019-10-06T00:00:00,0.013,3.496,0.395,2.781,2.752
2019-10-07T00:00:00,0.233,0.966,7.818,8.541,0.845
2019-10-08T00:00:00,0.147,0.198,5.489,1.338,21.092
2019-10-09T00:00:00,1.586,1.684,8.402,4.739,7.051
2019-10-10T00:00:00,1.520,0.294,5.887,14.665,5.819
2019-10-11T00:00:00,0.513,0.735,2.438,2.621,2.562
2019-10-12T00:00:00,1.913,2.150,0.266,2.920,1.711
2019-10-13T00:00:00,0.018,0.000,0.000,0.025,0.081
2019-10-14T00:00:00,0.079,0.000,0.000,0.219,0.000
2019-10-15T00:00:00,0.336,0.000,0.000,0.599,0.000
2019-10-16T00:00:00,0.319,0.000,2.160,0.825,0.020
2019-10-17T00:00:00,0.424,0.000,0.015,0.705,0.119
2019-10-18T00:00:00,0.000,0.043,0.191,0.000,0.091
2019-10-19T00:00:00,0.059,0.000,0.000,0.066,0.000
2019-10-20T00:00:00,0.179,0.000,0.027,0.070,0.001
2019-10-21T00:00:00,0.150,0.031,0.077,3.096,0.043
2019-10-22T00:00:00,2.346,0.137,2.466,6.116,0.014
2019-10-23T00:00:00,0.224,0.000,0.518,5.364,0.000
2019-10-24T00:00:00,0.699,0.170,0.870,2.090,0.454
2019-10-25T00:00:00,1.850,0.512,5.962,8.191,3.747
2019-10-26T00:00:00,3.191,0.229,30.938,11.737,18.387
2019-10-27T00:00:00,10.645,0.807,15.397,10.596,5.874
2019-10-28T00:00:00,0.262,0.000,1.214,2.161,0.000
2019-10-29T00:00:00,0.044,0.000,0.000,0.047,0.000
2019-10-30T00:00:00,0.116,0.000,0.000,0.157,0.000
2019-10-31T00:00:00,0.000,0.000,0.000,0.004,0.000
2019-11-01T00:00:00,0.768,0.062,0.034,0.370,0.004
2019-11-02T00:00:00,2.767,0.168,0.107,1.613,0.015
2019-11-03T00:00:00,1.426,0.000,0.000,1.564,0.000
2019-11-04T00:00:00,0.245,0.000,0.000,0.187,0.000
2019-11-05T00:00:00,0.284,0.859,0.645,0.205,0.251
2019-11-06T00:00:00,0.287,4.595,1.385,0.377,3.996
2019-11-07T00:00:00,0.248,0.173,0.161,0.138,0.019
2019-11-08T00:00:00,0.000,0.000,0.000,0.000,0.000
2019-11-09T00:00:00,0.000,0.000,0.676,0.004,0.133
2019-11-10T00:00:00,0.073,0.000,2.111,0.255,0.526
2019-11-11T00:00:00,0.094,0.000,2.119,1.732,0.302
2019-11-12T00:00:00,0.047,0.000,0.671,1.568,0.008
2019-11-13T00:00:00,0.000,0.000,0.000,0.005,0.000
2019-11-14T00:00:00,0.000,0.000,0.000,0.003,0.000
2019-11-15T00:00:00,0.000,0.000,0.000,0.001,0.000
2019-11-16T00:00:00,0.000,0.000,0.000,0.000,0.000
2019-11-17T00:00:00,0.000,0.000,0.021,0.002,0.000
2019-11-18T00:00:00,0.090,0.004,0.186,1.726,0.060
2019-11-19T00:00:00,0.061,0.000,0.000,1.968,0.000
2019-11-20T00:00:00,0.593,0.000,1.001,0.833,0.247
2019-11-21T00:00:00,0.589,0.000,0.187,0.699,0.000
2019-11-22T00:00:00,0.000,0.000,0.000,0.000,0.002
2019-11-23T00:00:00,0.000,0.000,0.000,0.000,0.000
2019-11-24T00:00:00,0.000,0.000,0.000,0.000,0.000
2019-11-25T00:00:00,0.000,0.000,0.000,0.000,0.000
2019-11-26T00:00:00,0.000,0.007,0.000,0.007,0.000
2019-11-27T00:00:00,0.002,0.001,0.000,0.025,0.000
2019-11-28T00:00:00,0.000,0.058,0.000,0.000,0.000
2019-11-29T00:00:00,0.000,2.895,0.000,0.000,0.000
2019-11-30T00:00:00,0.248,0.000,0.000,0.025,0.000
2019-12-01T00:00:00,0.082,0.000,1.897,1.227,0.003
2019-12-02T00:00:00,0.004,0.000,0.022,0.144,0.000
2019-12-03T00:00:00,0.000,0.000,0.000,0.001,0.000
2019-12-04T00:00:00,0.005,0.073,0.000,0.048,0.000
2019-12-05T00:00:00,0.000,0.000,0.000,0.042,0.000
2019-12-06T00:00:00,0.000,0.000,0.000,0.000,0.000
2019-12-07T00:00:00,0.000,0.000,0.000,0.000,0.000
2019-12-08T00:00:00,0.000,0.000,0.000,0.000,0.000
2019-12-09T00:00:00,0.000,0.000,0.000,0.000,0.000
2019-12-10T00:00:00,0.000,0.000,0.000,0.000,0.000
2019-12-11T00:00:00,0.002,0.028,0.000,0.003,0.000
2019-12-12T00:00:00,0.051,0.067,0.002,0.008,0.158
2019-12-13T00:00:00,0.000,0.015,0.000,0.008,0.000
2019-12-14T00:00:00,0.101,7.488,0.098,0.008,1.924
2019-12-15T00:00:00,0.124,10.123,0.012,0.032,1.164
2019-12-16T00:00:00,0.364,0.089,0.003,0.066,0.000
2019-12-17T00:00:00,0.034,0.000,0.021,0.623,0.001
2019-12-18T00:00:00,0.206,0.000,0.038,0.698,0.000
2019-12-19T00:00:00,0.000,0.000,0.000,0.005,0.000
2019-12-20T00:00:00,0.006,0.000,0.000,0.043,0.000
2019-12-21T00:00:00,0.004,0.001,0.000,0.205,0.000
2019-12-22T00:00:00,0.000,0.011,0.000,0.012,0.000
2019-12-23T00:00:00,0.000,0.000,0.000,0.000,0.000
2019-12-24T00:00:00,0.000,0.000,0.000,0.000,0.000
2019-12-25T00:00:00,0.000,0.000,0.000,0.000,0.000
2019-12-26T00:00:00,0.000,0.000,0.000,0.086,0.000
2019-12-27T00:00:00,0.000,0.000,0.012,0.000,0.018
2019-12-28T00:00:00,0.000,0.000,0.430,0.177,0.064
2019-12-29T00:00:00,0.000,0.000,0.000,0.120,0.010
2019-12-30T00:00:00,0.000,0.000,0.000,0.000,0.000
2019-12-31T00:00:00,0.000,0.000,0.000,0.000,0.000
2020-01-01T00:00:00,0.000,0.000,0.065,0.000,0.000
2020-01-02T00:00:00,0.003,0.000,0.519,0.016,0.938
2020-01-03T00:00:00,0.074,0.039,0.529,0.083,0.761
2020-01-04T00:00:00,0.894,1.217,4.355,4.314,7.721
2020-01-05T00:00:00,1.184,0.235,0.347,2.877,0.362
2020-01-06T00:00:00,0.542,0.257,1.741,6.961,0.494
2020-01-07T00:00:00,0.000,0.005,0.020,0.064,0.005
2020-01-08T00:00:00,0.041,0.948,0.003,0.058,0.025
2020-01-09T00:00:00,0.243,0.445,0.210,0.093,0.619
2020-01-10T00:00:00,0.397,2.515,0.017,0.289,0.293
2020-01-11T00:00:00,0.000,0.031,0.000,0.000,0.079
2020-01-12T00:00:00,0.000,0.000,0.000,0.000,0.000
2020-01-13T00:00:00,0.000,0.012,0.000,0.000,0.000
2020-01-14T00:00:00,0.000,0.003,0.000,0.000,0.000
2020-01-15T00:00:00,0.000,0.327,0.000,0.000,0.000
2020-01-16T00:00:00,0.000,0.000,0.000,0.000,0.000
2020-01-17T00:00:00,0.000,1.147,0.000,0.000,0.000
2020-01-18T00:00:00,0.022,6.555,0.031,0.003,1.064
2020-01-19T00:00:00,0.071,0.010,0.000,0.118,0.001
2020-01-20T00:00:00,0.307,0.000,1.580,4.740,0.247
2020-01-21T00:00:00,0.062,0.000,0.045,1.976,0.000
2020-01-22T00:00:00,0.003,0.000,0.000,0.101,0.000
2020-01-23T00:00:00,0.000,0.019,0.002,0.092,0.037
2020-01-24T00:00:00,0.424,0.012,1.314,0.890,0.084
2020-01-25T00:00:00,0.088,0.000,0.016,0.145,0.000
2020-01-26T00:00:00,0.004,0.030,0.000,0.000,0.000
2020-01-27T00:00:00,0.000,0.000,0.000,0.000,0.000
2020-01-28T00:00:00,0.000,0.001,0.000,0.000,0.000
2020-01-29T00:00:00,0.000,0.057,0.000,0.000,0.000
2020-01-30T00:00:00,0.000,0.263,0.000,0.006,0.000
2020-01-31T00:00:00,0.169,0.498,3.154,2.436,1.522
2020-02-01T00:00:00,0.000,0.022,0.015,0.018,0.072
2020-02-02T00:00:00,0.342,0.013,2.687,1.955,0.036
2020-02-03T00:00:00,0.103,0.006,0.093,0.524,0.003
2020-02-04T00:00:00,0.000,0.000,0.000,0.003,0.000
2020-02-05T00:00:00,0.000,0.000,0.000,0.081,0.000
2020-02-06T00:00:00,0.000,0.000,0.062,0.086,0.000
2020-02-07T00:00:00,0.001,0.000,0.000,0.003,0.000
2020-02-08T00:00:00,0.021,0.000,0.000,0.019,0.000
2020-02-09T00:00:00,0.001,0.165,0.040,0.011,0.000
2020-02-10T00:00:00,0.001,0.000,0.015,0.281,0.000
2020-02-11T00:00:00,0.000,0.000,0.000,0.004,0.000
2020-02-12T00:00:00,0.000,0.000,0.000,0.000,0.000
2020-02-13T00:00:00,0.000,0.000,0.000,0.000,0.000
2020-02-14T00:00:00,0.000,0.000,0.000,0.000,0.000
2020-02-15T00:00:00,0.000,0.000,0.086,0.167,0.024
2020-02-16T00:00:00,0.000,0.000,0.000,0.000,0.000
2020-02-17T00:00:00,0.000,0.000,0.000,0.000,0.000
2020-02-18T00:00:00,0.054,0.000,0.116,1.826,0.000
2020-02-19T00:00:00,0.088,0.000,0.559,3.249,0.136
2020-02-20T00:00:00,0.000,0.000,0.006,0.180,0.012
2020-02-21T00:00:00,0.703,0.008,0.000,1.128,0.000
2020-02-22T00:00:00,0.306,1.439,0.008,0.382,0.401
2020-02-23T00:00:00,0.399,1.044,0.008,0.243,0.196
2020-02-24T00:00:00,0.310,0.250,0.238,0.528,2.475
2020-02-25T00:00:00,0.174,0.060,0.029,0.133,0.637
2020-02-26T00:00:00,0.250,1.083,4.087,3.091,9.198
2020-02-27T00:00:00,0.562,3.420,6.151,8.575,3.015
2020-02-28T00:00:00,0.456,0.362,0.170,0.718,0.001
2020-02-29T00:00:00,0.000,0.000,0.000,0.011,0.000
2020-03-01T00:00:00,0.000,0.005,0.000,0.000,0.000
2020-03-02T00:00:00,0.247,0.226,0.102,0.294,2.392
2020-03-03T00:00:00,0.251,0.200,0.743,3.055,1.229
2020-03-04T00:00:00,0.309,3.658,5.790,1.584,4.752
2020-03-05T00:00:00,0.003,0.115,0.575,0.269,1.805
2020-03-06T00:00:00,0.013,0.159,0.606,0.366,0.712
2020-03-07T00:00:00,0.061,1.205,1.502,0.212,4.059
2020-03-08T00:00:00,0.478,3.685,1.132,1.962,4.460
2020-03-09T00:00:00,0.700,0.009,0.079,2.749,0.033
2020-03-10T00:00:00,0.000,0.000,0.003,0.003,0.000
2020-03-11T00:00:00,0.023,0.000,0.097,1.017,0.000
2020-03-12T00:00:00,0.023,0.002,0.069,0.938,0.012
2020-03-13T00:00:00,0.000,0.017,0.000,0.016,0.000
2020-03-14T00:00:00,0.004,2.431,0.019,0.000,1.114
2020-03-15T00:00:00,0.673,0.955,0.209,0.340,2.867
2020-03-16T00:00:00,0.547,3.136,0.038,0.539,0.345
2020-03-17T00:00:00,0.073,0.000,0.003,0.761,0.000
2020-03-18T00:00:00,0.000,0.000,0.000,0.027,0.000
2020-03-19T00:00:00,0.737,0.765,0.177,0.120,0.486
2020-03-20T00:00:00,0.233,0.225,0.053,0.065,1.521
2020-03-21T00:00:00,1.330,0.246,0.220,1.027,3.009
2020-03-22T00:00:00,0.812,1.338,2.917,0.690,7.258
2020-03-23T00:00:00,0.262,0.552,1.080,0.264,2.191
2020-03-24T00:00:00,1.293,1.254,0.787,0.179,1.087
2020-03-25T00:00:00,1.064,0.104,0.075,0.095,0.010
2020-03-26T00:00:00,0.032,2.243,0.329,0.810,2.151
2020-03-27T00:00:00,0.016,0.351,0.001,0.004,0.036
2020-03-28T00:00:00,0.010,0.475,0.249,0.173,1.905
2020-03-29T00:00:00,0.108,0.659,0.081,6.058,0.000
2020-03-30T00:00:00,0.043,0.000,0.000,0.518,0.000
2020-03-31T00:00:00,0.079,0.000,0.000,0.143,0.016
2020-04-01T00:00:00,0.000,0.000,0.000,0.007,0.001
2020-04-02T00:00:00,0.478,6.161,0.483,3.767,6.649
2020-04-03T00:00:00,0.581,0.488,0.825,4.970,2.274
2020-04-04T00:00:00,0.637,0.024,0.441,1.702,0.083
2020-04-05T00:00:00,1.239,0.055,0.067,0.764,0.007
2020-04-06T00:00:00,0.144,0.008,0.001,0.096,0.000
2020-04-07T00:00:00,0.942,0.036,0.341,0.968,0.182
2020-04-08T00:00:00,1.023,0.024,0.016,1.584,0.264
2020-04-09T00:00:00,0.142,0.806,1.223,1.195,5.292
2020-04-10T00:00:00,0.898,1.252,5.706,1.958,10.704
2020-04-11T00:00:00,0.048,0.041,0.157,0.253,0.196
2020-04-12T00:00:00,0.257,0.405,0.975,0.088,4.514
2020-04-13T00:00:00,0.200,0.000,0.049,0.338,0.483
2020-04-14T00:00:00,0.000,0.000,0.000,0.218,0.000
2020-04-15T00:00:00,0.000,4.468,0.000,0.000,2.700
2020-04-16T00:00:00,0.001,0.522,9.159,0.161,12.846
2020-04-17T00:00:00,0.386,0.761,10.867,0.135,18.832
2020-04-18T00:00:00,0.493,1.891,8.710,3.599,7.116
2020-04-19T00:00:00,0.471,2.209,11.764,2.834,12.193
2020-04-20T00:00:00,1.080,1.006,15.645,13.100,14.848
2020-04-21T00:00:00,0.326,0.379,1.790,4.527,6.375
2020-04-22T00:00:00,1.012,3.073,11.958,9.004,8.466
2020-04-23T00:00:00,2.187,0.916,5.072,7.459,2.805
2020-04-24T00:00:00,2.645,3.691,14.311,3.972,28.544
2020-04-25T00:00:00,2.954,1.753,12.333,6.992,8.855
2020-04-26T00:00:00,0.539,0.902,0.737,1.199,2.983
2020-04-27T00:00:00,0.107,0.062,1.002,0.399,8.890
2020-04-28T00:00:00,0.088,4.876,3.241,2.648,3.218
2020-04-29T00:00:00,1.541,1.992,3.731,7.395,14.055
2020-04-30T00:00:00,3.947,3.935,7.501,6.420,4.669
2020-05-01T00:00:00,0.228,2.888,3.052,0.554,6.667
2020-05-02T00:00:00,0.003,1.503,0.408,0.147,2.071
2020-05-03T00:00:00,0.138,0.865,8.207,1.128,4.188
2020-05-04T00:00:00,0.711,1.008,3.194,1.036,0.709
2020-05-05T00:00:00,0.909,7.849,4.948,5.009,1.506
2020-05-06T00:00:00,0.906,0.092,11.668,2.222,9.782
2020-05-07T00:00:00,0.897,0.078,1.443,8.338,7.265
2020-05-08T00:00:00,1.021,1.216,6.461,7.575,6.873
2020-05-09T00:00:00,0.554,0.253,1.135,2.977,1.131
2020-05-10T00:00:00,0.043,0.004,0.577,0.025,0.079
2020-05-11T00:00:00,0.004,1.414,0.536,0.011,7.830
2020-05-12T00:00:00,1.018,0.701,0.206,0.486,5.173
2020-05-13T00:00:00,3.002,2.913,5.719,10.743,1.391
2020-05-14T00:00:00,3.069,1.263,12.440,12.854,16.964
2020-05-15T00:00:00,0.018,0.053,3.766,0.212,5.661
2020-05-16T00:00:00,4.020,0.873,8.740,12.673,17.923
2020-05-17T00:00:00,1.352,2.800,16.802,7.981,18.067
2020-05-18T00:00:00,0.156,0.139,0.308,1.115,1.869
2020-05-19T00:00:00,0.337,0.118,0.095,0.670,5.180
2020-05-20T00:00:00,0.203,4.532,0.558,0.295,0.870
2020-05-21T00:00:00,2.304,2.939,15.476,3.266,25.158
2020-05-22T00:00:00,12.292,2.782,33.417,31.598,42.848
2020-05-23T00:00:00,3.488,0.262,16.392,15.171,12.220
2020-05-24T00:00:00,2.462,7.339,19.186,24.917,38.807
2020-05-25T00:00:00,7.208,5.233,16.796,40.380,57.216
2020-05-26T00:00:00,4.855,3.865,36.445,32.257,35.993
2020-05-27T00:00:00,1.558,3.108,37.812,15.657,18.883
2020-05-28T00:00:00,0.981,5.635,2.000,3.479,3.841
2020-05-29T00:00:00,0.025,0.191,4.244,0.567,1.629
2020-05-30T00:00:00,0.514,2.444,4.711,6.605,2.824
2020-05-31T00:00:00,6.498,1.381,2.760,2.162,17.617
2020-06-01T00:00:00,4.813,1.498,12.032,9.649,28.069
2020-06-02T00:00:00,6.306,0.989,8.612,22.440,13.340
2020-06-03T00:00:00,7.004,0.920,17.276,25.613,8.661
2020-06-04T00:00:00,4.704,0.109,6.919,14.181,7.199
2020-06-05T00:00:00,2.197,1.743,6.350,8.951,3.711
2020-06-06T00:00:00,3.125,2.840,26.019,13.700,35.714
2020-06-07T00:00:00,2.864,1.407,5.288,11.063,6.087
2020-06-08T00:00:00,1.917,0.534,1.577,5.358,5.675
2020-06-09T00:00:00,3.612,1.098,1.490,4.483,9.487
2020-06-10T00:00:00,1.746,0.244,0.825,0.544,0.648
2020-06-11T00:00:00,2.330,0.053,10.329,8.363,1.674
2020-06-12T00:00:00,1.466,0.130,9.320,6.800,5.229
2020-06-13T00:00:00,1.449,0.280,3.428,9.892,10.451
2020-06-14T00:00:00,0.689,0.232,6.224,14.925,15.428
2020-06-15T00:00:00,1.541,0.659,5.228,5.627,18.012
2020-06-16T00:00:00,1.575,2.819,9.101,8.045,20.633
2020-06-17T00:00:00,3.906,3.139,11.773,6.945,15.923
2020-06-18T00:00:00,0.785,1.215,15.702,13.341,40.261
2020-06-19T00:00:00,3.730,2.613,16.582,4.819,24.447
2020-06-20T00:00:00,1.271,1.981,7.247,6.063,8.454
2020-06-21T00:00:00,2.488,5.744,10.004,10.074,4.902
2020-06-22T00:00:00,2.358,2.032,1.428,14.781,8.289
2020-06-23T00:00:00,11.464,2.323,4.879,25.798,14.565
2020-06-24T00:00:00,8.027,9.891,5.231,38.351,8.015
2020-06-25T00:00:00,2.874,4.328,22.678,29.688,43.652
2020-06-26T00:00:00,6.825,4.044,34.652,21.866,45.695
2020-06-27T00:00:00,5.728,0.392,27.923,32.213,37.112
2020-06-28T00:00:00,5.127,0.880,25.778,12.693,23.676
2020-06-29T00:00:00,2.028,0.563,2.566,3.682,11.846
2020-06-30T00:00:00,0.860,1.129,8.775,0.776,3.945
2020-07-01T00:00:00,5.893,2.683,7.102,10.405,12.346
2020-07-02T00:00:00,5.170,3.241,8.248,23.527,33.779
2020-07-03T00:00:00,3.380,1.950,4.783,7.231,23.651
2020-07-04T00:00:00,2.310,0.752,0.627,5.650,7.161
2020-07-05T00:00:00,3.383,3.875,6.102,11.102,4.397
2020-07-06T00:00:00,0.879,1.165,9.921,8.920,13.787
2020-07-07T00:00:00,0.927,4.560,10.446,7.229,12.766
2020-07-08T00:00:00,3.698,6.079,7.118,19.230,11.557
2020-07-09T00:00:00,1.663,1.280,10.033,31.442,20.757
2020-07-10T00:00:00,14.751,7.969,25.697,60.658,43.305
2020-07-11T00:00:00,13.107,5.614,26.564,40.953,20.480
2020-07-12T00:00:00,7.183,1.712,16.014,17.279,46.462
2020-07-13T00:00:00,2.923,2.469,7.229,3.618,24.968
2020-07-14T00:00:00,0.771,1.365,4.070,4.209,18.290
2020-07-15T00:00:00,0.522,1.748,14.813,10.411,3.623
2020-07-16T00:00:00,7.415,1.405,4.491,16.458,6.386
2020-07-17T00:00:00,3.958,2.159,3.081,20.666,10.281
2020-07-18T00:00:00,4.361,5.054,5.192,15.336,11.846
2020-07-19T00:00:00,6.119,5.431,10.363,26.306,36.060
2020-07-20T00:00:00,15.105,3.833,13.934,35.301,19.597
2020-07-21T00:00:00,12.622,3.418,15.085,17.668,32.632
2020-07-22T00:00:00,8.542,2.516,6.921,9.994,17.328
2020-07-23T00:00:00,3.971,1.336,8.312,3.435,5.903
2020-07-24T00:00:00,5.682,3.504,7.544,3.475,11.925
2020-07-25T00:00:00,5.047,2.721,7.617,7.978,9.426
2020-07-26T00:00:00,3.093,5.441,0.702,6.799,3.581
2020-07-27T00:00:00,0.565,4.070,8.066,4.694,20.709
2020-07-28T00:00:00,2.171,1.348,8.014,9.126,24.256
2020-07-29T00:00:00,7.470,3.258,11.367,8.867,5.565
2020-07-30T00:00:00,13.105,7.465,17.564,31.207,25.828
2020-07-31T00:00:00,5.996,12.577,11.857,9.442,22.456
2020-08-01T00:00:00,4.613,14.048,5.357,1.360,30.161
2020-08-02T00:00:00,2.793,1.425,1.618,1.454,4.300
2020-08-03T00:00:00,7.273,2.597,1.934,0.829,6.736
2020-08-04T00:00:00,3.456,5.797,0.585,0.729,3.815
2020-08-05T00:00:00,0.594,4.446,1.147,0.143,6.518
2020-08-06T00:00:00,0.381,2.034,1.233,0.075,22.709
2020-08-07T00:00:00,1.148,0.992,3.076,6.984,5.937
2020-08-08T00:00:00,7.647,1.541,3.798,20.366,0.795
2020-08-09T00:00:00,7.673,5.545,9.495,24.667,16.341
2020-08-10T00:00:00,6.479,8.008,8.055,21.762,15.505
2020-08-11T00:00:00,12.772,12.727,3.647,28.310,24.026
2020-08-12T00:00:00,6.585,4.975,8.117,16.260,33.270
2020-08-13T00:00:00,2.882,2.612,9.396,7.582,13.347
2020-08-14T00:00:00,6.710,2.414,15.756,13.789,6.564
2020-08-15T00:00:00,16.795,13.336,11.508,4.547,5.153
2020-08-16T00:00:00,2.477,7.211,6.428,12.315,5.037
2020-08-17T00:00:00,13.183,2.897,11.044,17.714,10.794
2020-08-18T00:00:00,0.881,0.541,11.200,7.363,6.953
2020-08-19T00:00:00,0.016,1.044,3.500,0.355,3.617
2020-08-20T00:00:00,0.037,0.351,14.736,2.607,16.942
2020-08-21T00:00:00,0.179,0.887,6.845,3.669,9.564
2020-08-22T00:00:00,0.778,2.239,4.722,5.419,10.140
2020-08-23T00:00:00,0.803,2.595,4.959,5.411,12.762
2020-08-24T00:00:00,0.878,1.910,1.108,2.515,7.876
2020-08-25T00:00:00,0.814,1.504,6.346,0.642,5.431
2020-08-26T00:00:00,0.482,2.232,7.938,2.469,3.756
2020-08-27T00:00:00,0.103,2.449,0.310,2.498,5.513
2020-08-28T00:00:00,0.060,0.207,1.328,5.652,3.673
2020-08-29T00:00:00,1.423,0.263,3.665,12.326,3.611
2020-08-30T00:00:00,3.102,1.212,3.651,16.713,5.226
2020-08-31T00:00:00,0.921,1.518,4.654,4.553,18.926
2020-09-01T00:00:00,0.122,0.958,10.065,0.754,19.527
2020-09-02T00:00:00,0.256,1.125,0.398,0.443,6.605
2020-09-03T00:00:00,0.388,1.429,1.262,4.855,2.520
2020-09-04T00:00:00,2.391,0.290,4.822,11.517,1.583
2020-09-05T00:00:00,3.449,0.975,8.061,8.066,8.935
2020-09-06T00:00:00,6.520,0.959,16.855,13.175,42.046
2020-09-07T00:00:00,7.442,1.357,5.281,4.968,19.970
2020-09-08T00:00:00,1.521,0.502,9.404,3.946,23.829
2020-09-09T00:00:00,2.083,1.108,1.457,3.907,10.274
2020-09-10T00:00:00,2.777,1.456,4.893,5.359,5.225
2020-09-11T00:00:00,5.474,0.772,3.874,8.178,15.520
2020-09-12T00:00:00,4.807,0.699,5.470,15.803,11.111
2020-09-13T00:00:00,2.553,0.792,3.309,12.473,16.178
2020-09-14T00:00:00,3.610,0.210,6.988,35.596,10.208
2020-09-15T00:00:00,3.837,0.474,7.040,20.892,47.982
2020-09-16T00:00:00,2.916,1.682,6.783,17.472,22.427
2020-09-17T00:00:00,5.896,0.872,11.038,31.311,28.430
2020-09-18T00:00:00,1.623,0.304,2.846,14.802,11.518
2020-09-19T00:00:00,1.233,0.257,1.150,1.192,4.309
2020-09-20T00:00:00,0.301,0.757,0.295,0.098,2.309
2020-09-21T00:00:00,0.154,0.011,8.588,2.219,6.280
2020-09-22T00:00:00,0.907,0.390,21.202,6.041,29.717
2020-09-23T00:00:00,6.492,1.555,24.319,17.413,40.223
2020-09-24T00:00:00,5.462,4.493,14.245,17.313,44.176
2020-09-25T00:00:00,4.640,2.423,18.099,16.270,13.273
2020-09-26T00:00:00,2.407,1.156,15.225,22.620,38.763
2020-09-27T00:00:00,0.421,0.194,12.156,7.296,61.262
2020-09-28T00:00:00,0.902,0.031,1.304,9.735,3.011
2020-09-29T00:00:00,0.093,0.061,0.268,0.724,1.663
2020-09-30T00:00:00,0.005,0.092,0.360,0.003,3.240
2020-10-01T00:00:00,2.414,0.945,2.120,3.377,0.799
2020-10-02T00:00:00,0.270,0.018,3.978,10.333,2.241
2020-10-03T00:00:00,0.231,0.000,6.916,3.727,2.382
2020-10-04T00:00:00,1.497,0.013,4.049,7.092,1.329
2020-10-05T00:00:00,0.488,0.038,6.640,6.088,2.392
2020-10-06T00:00:00,0.454,0.026,6.695,15.239,14.651
2020-10-07T00:00:00,0.432,0.041,8.835,12.269,12.721
2020-10-08T00:00:00,1.151,0.002,4.787,2.775,6.664
2020-10-09T00:00:00,0.000,0.000,0.171,0.014,0.038
2020-10-10T00:00:00,0.000,0.000,0.190,0.015,0.001
2020-10-11T00:00:00,0.000,0.000,4.140,0.763,0.000
2020-10-12T00:00:00,0.001,0.018,0.719,0.029,0.332
2020-10-13T00:00:00,0.000,0.000,0.606,0.181,0.005
2020-10-14T00:00:00,0.000,0.000,0.000,0.000,0.000
2020-10-15T00:00:00,0.000,0.000,0.669,0.002,0.041
2020-10-16T00:00:00,0.000,0.000,0.000,0.000,0.010
2020-10-17T00:00:00,0.088,0.000,0.000,0.815,0.000
2020-10-18T00:00:00,0.000,0.000,0.028,0.006,0.000
2020-10-19T00:00:00,0.080,0.000,4.251,4.080,0.004
2020-10-20T00:00:00,0.006,0.498,1.191,0.787,0.010
2020-10-21T00:00:00,0.049,0.004,0.427,1.585,0.001
2020-10-22T00:00:00,0.020,0.000,1.245,1.060,0.771
2020-10-23T00:00:00,0.220,0.010,13.123,9.366,3.450
2020-10-24T00:00:00,0.346,0.000,29.041,9.895,17.123
2020-10-25T00:00:00,0.686,0.001,11.505,10.226,20.733
2020-10-26T00:00:00,0.161,0.482,0.730,0.155,12.582
2020-10-27T00:00:00,0.341,0.700,0.368,0.270,3.073
2020-10-28T00:00:00,0.170,0.014,0.015,0.006,0.001
2020-10-29T00:00:00,0.000,0.000,0.000,0.001,0.000
2020-10-30T00:00:00,0.000,0.000,0.000,0.000,0.000
2020-10-31T00:00:00,0.000,0.000,0.092,0.007,0.000
2020-11-01T00:00:00,0.001,0.000,1.274,0.307,0.064
2020-11-02T00:00:00,0.000,0.010,2.082,0.240,0.195
2020-11-03T00:00:00,0.031,0.000,0.069,1.070,0.138
2020-11-04T00:00:00,0.440,0.018,0.588,10.885,0.000
2020-11-05T00:00:00,0.751,0.035,0.026,1.898,0.000
2020-11-06T00:00:00,0.283,0.000,0.000,0.199,0.000
2020-11-07T00:00:00,0.000,0.001,0.000,0.005,0.011
2020-11-08T00:00:00,0.000,0.000,0.000,0.000,0.000
2020-11-09T00:00:00,0.000,0.000,0.000,0.000,0.000
2020-11-10T00:00:00,0.000,0.000,0.000,0.000,0.000
2020-11-11T00:00:00,0.000,0.000,0.000,0.000,0.000
2020-11-12T00:00:00,0.000,0.000,0.000,0.000,0.000
2020-11-13T00:00:00,0.000,0.000,0.000,0.000,0.000
2020-11-14T00:00:00,0.000,0.000,0.000,0.000,0.000
2020-11-15T00:00:00,0.000,0.004,0.001,0.000,0.054
2020-11-16T00:00:00,0.000,0.000,0.000,0.000,0.000
2020-11-17T00:00:00,0.106,1.707,0.000,0.009,0.000
2020-11-18T00:00:00,0.197,0.010,2.370,1.466,0.003
2020-11-19T00:00:00,0.011,0.000,0.212,0.234,0.000
2020-11-20T00:00:00,0.000,0.000,0.000,0.025,0.000
2020-11-21T00:00:00,0.002,0.000,0.003,0.157,0.000
2020-11-22T00:00:00,0.064,0.000,1.175,1.100,0.349
2020-11-23T00:00:00,0.117,0.000,0.072,0.338,0.000
2020-11-24T00:00:00,0.074,0.000,0.000,0.008,0.000
2020-11-25T00:00:00,0.089,0.000,0.000,0.015,0.000
2020-11-26T00:00:00,0.000,0.000,0.000,0.000,0.000
2020-11-27T00:00:00,0.000,0.004,0.000,0.000,0.052
2020-11-28T00:00:00,0.205,0.007,0.126,0.184,0.026
2020-11-29T00:00:00,0.191,0.001,0.115,0.149,0.000
2020-11-30T00:00:00,0.000,0.000,0.000,0.000,0.000
2020-12-01T00:00:00,0.000,0.000,0.000,0.021,0.000
2020-12-02T00:00:00,0.000,0.000,0.000,0.000,0.000
2020-12-03T00:00:00,0.000,0.000,0.016,0.000,0.000
2020-12-04T00:00:00,0.000,0.000,0.000,0.001,0.000
2020-12-05T00:00:00,0.016,0.225,0.045,0.000,2.230
2020-12-06T00:00:00,0.039,0.020,0.076,1.416,0.515
2020-12-07T00:00:00,0.009,0.088,0.101,0.234,0.850
2020-12-08T00:00:00,0.053,0.168,0.001,0.101,0.104
2020-12-09T00:00:00,0.000,0.000,0.000,0.000,0.004
2020-12-10T00:00:00,0.000,0.000,0.000,0.000,0.000
2020-12-11T00:00:00,0.000,0.000,0.000,0.000,0.003
2020-12-12T00:00:00,0.000,0.004,0.001,0.000,0.050
2020-12-13T00:00:00,0.000,0.045,0.000,0.003,0.000
2020-12-14T00:00:00,0.002,0.000,0.000,0.025,0.000
2020-12-15T00:00:00,0.015,0.000,0.105,0.284,0.000
2020-12-16T00:00:00,0.000,0.000,0.000,0.000,0.000
2020-12-17T00:00:00,0.025,0.000,0.000,0.884,0.000
2020-12-18T00:00:00,0.109,0.000,0.302,1.160,0.000
2020-12-19T00:00:00,0.085,0.000,0.040,1.601,0.013
2020-12-20T00:00:00,0.000,0.000,0.000,0.000,0.000
2020-12-21T00:00:00,0.000,0.000,0.000,0.000,0.000
2020-12-22T00:00:00,0.000,0.000,0.000,0.000,0.000
2020-12-23T00:00:00,0.000,0.000,0.000,0.000,0.000
2020-12-24T00:00:00,0.000,0.000,0.000,0.000,0.000
2020-12-25T00:00:00,0.007,0.000,0.000,0.070,0.000
2020-12-26T00:00:00,0.017,0.026,0.000,0.162,0.000
2020-12-27T00:00:00,0.000,0.000,0.000,0.000,0.000
2020-12-28T00:00:00,0.000,0.000,0.000,0.000,0.000
2020-12-29T00:00:00,0.000,0.000,0.000,0.000,0.000
2020-12-30T00:00:00,0.000,0.000,0.000,0.000,0.000
2020-12-31T00:00:00,0.000,0.000,0.000,0.000,0.000
2021-01-01T00:00:00,0.000,0.000,0.000,0.000,0.000
2021-01-02T00:00:00,0.000,0.000,0.000,0.000,0.000
2021-01-03T00:00:00,0.000,0.000,0.000,0.000,0.000
2021-01-04T00:00:00,0.000,0.017,0.000,0.000,0.000
2021-01-05T00:00:00,0.000,2.194,0.000,0.000,0.000
2021-01-06T00:00:00,0.012,0.137,0.003,0.000,0.025
2021-01-07T00:00:00,0.000,0.080,0.000,0.000,0.000
2021-01-08T00:00:00,0.000,0.000,0.000,0.000,0.000
2021-01-09T00:00:00,0.000,0.000,0.000,0.000,0.000
2021-01-10T00:00:00,0.000,0.000,0.000,0.002,0.000
2021-01-11T00:00:00,0.000,0.000,0.000,0.042,0.000
2021-01-12T00:00:00,0.009,0.020,0.041,0.295,0.234
2021-01-13T00:00:00,0.040,0.000,0.189,1.774,0.004
2021-01-14T00:00:00,0.000,0.000,0.000,0.002,0.000
2021-01-15T00:00:00,0.000,0.000,0.000,0.000,0.000
2021-01-16T00:00:00,0.000,0.000,0.000,0.000,0.000
2021-01-17T00:00:00,0.117,0.019,0.000,0.006,0.024
2021-01-18T00:00:00,0.000,0.000,0.000,0.007,0.000
2021-01-19T00:00:00,0.098,0.000,0.045,0.449,0.000
2021-01-20T00:00:00,0.282,0.121,4.039,2.782,1.495
2021-01-21T00:00:00,0.174,0.107,3.807,3.818,2.063
2021-01-22T00:00:00,0.061,0.000,0.030,0.793,0.000
2021-01-23T00:00:00,0.000,0.000,0.000,0.114,0.000
2021-01-24T00:00:00,0.000,0.000,0.000,0.000,0.000
2021-01-25T00:00:00,0.000,0.000,0.000,0.000,0.000
2021-01-26T00:00:00,0.000,0.000,0.000,0.000,0.000
2021-01-27T00:00:00,0.000,0.000,0.000,0.000,0.000
2021-01-28T00:00:00,0.000,0.000,0.000,0.000,0.000
2021-01-29T00:00:00,0.000,0.000,0.000,0.000,0.000
2021-01-30T00:00:00,0.000,0.000,0.000,0.022,0.000
2021-01-31T00:00:00,0.000,0.000,0.504,0.389,0.000
2021-02-01T00:00:00,0.000,0.000,0.000,0.063,0.000
2021-02-02T00:00:00,0.000,0.000,0.000,0.000,0.000
2021-02-03T00:00:00,0.000,0.000,0.000,0.000,0.000
2021-02-04T00:00:00,0.000,0.000,0.000,0.000,0.000
2021-02-05T00:00:00,0.047,0.005,0.001,0.000,0.000
2021-02-06T00:00:00,0.000,0.000,0.000,0.000,0.000
2021-02-07T00:00:00,0.259,0.496,0.098,0.190,0.142
2021-02-08T00:00:00,0.301,0.025,0.093,0.063,0.103
2021-02-09T00:00:00,0.000,0.000,0.000,0.000,0.000
2021-02-10T00:00:00,0.000,0.000,0.000,0.000,0.000
2021-02-11T00:00:00,0.192,0.019,0.013,0.004,0.002
2021-02-12T00:00:00,0.242,0.020,0.041,0.028,0.002
2021-02-13T00:00:00,0.000,0.000,0.000,0.000,0.000
2021-02-14T00:00:00,0.000,0.000,0.000,0.000,0.000
2021-02-15T00:00:00,0.000,0.000,0.000,0.000,0.000
2021-02-16T00:00:00,0.141,0.883,0.002,0.243,0.163
2021-02-17T00:00:00,0.241,0.775,0.808,0.564,0.067
2021-02-18T00:00:00,0.307,0.295,0.003,0.199,0.094
2021-02-19T00:00:00,0.131,0.086,0.000,0.331,0.071
2021-02-20T00:00:00,0.199,0.096,0.000,0.232,0.000
2021-02-21T00:00:00,0.000,0.000,0.000,0.000,0.000
2021-02-22T00:00:00,0.000,0.000,0.000,0.000,0.000
2021-02-23T00:00:00,0.000,0.000,0.000,0.000,0.000
2021-02-24T00:00:00,0.000,0.000,0.000,0.000,0.000
2021-02-25T00:00:00,0.008,0.000,0.000,0.078,0.000
2021-02-26T00:00:00,0.003,0.000,0.773,0.032,0.347
2021-02-27T00:00:00,0.011,0.089,0.933,0.155,1.599
2021-02-28T00:00:00,0.037,0.292,0.679,0.676,2.762
2021-03-01T00:00:00,0.055,0.325,0.219,1.201,4.196
2021-03-02T00:00:00,0.036,0.137,0.009,1.607,0.029
2021-03-03T00:00:00,0.041,0.028,0.014,1.142,0.386
2021-03-04T00:00:00,0.011,0.000,0.000,0.046,0.000
2021-03-05T00:00:00,0.045,0.116,0.895,2.491,1.546
2021-03-06T00:00:00,0.187,0.220,3.601,1.885,2.936
2021-03-07T00:00:00,0.166,0.197,1.802,3.391,0.071
2021-03-08T00:00:00,0.006,0.026,0.166,0.202,0.036
2021-03-09T00:00:00,0.254,1.398,0.222,0.030,0.235
2021-03-10T00:00:00,0.505,0.046,1.785,1.251,0.528
2021-03-11T00:00:00,0.091,4.732,5.721,1.062,5.929
2021-03-12T00:00:00,0.015,0.310,0.197,0.130,1.740
2021-03-13T00:00:00,0.000,0.096,0.000,0.000,0.026
2021-03-14T00:00:00,0.529,1.407,0.356,1.770,3.371
2021-03-15T00:00:00,2.279,1.437,1.243,5.166,1.572
2021-03-16T00:00:00,0.141,0.009,0.005,0.250,0.077
2021-03-17T00:00:00,0.040,0.557,0.069,0.005,0.492
2021-03-18T00:00:00,0.320,0.008,0.004,0.668,0.039
2021-03-19T00:00:00,0.007,0.417,0.026,0.004,0.887
2021-03-20T00:00:00,0.000,0.345,0.000,0.000,0.000
2021-03-21T00:00:00,0.654,0.165,0.052,2.539,0.148
2021-03-22T00:00:00,1.086,0.055,0.042,2.498,0.088
2021-03-23T00:00:00,0.533,0.021,0.015,0.584,0.025
2021-03-24T00:00:00,0.005,0.083,0.015,0.000,0.983
2021-03-25T00:00:00,0.282,0.976,0.295,2.455,2.309
2021-03-26T00:00:00,0.110,0.194,0.004,0.306,0.040
2021-03-27T00:00:00,0.017,0.000,0.000,0.167,0.000
2021-03-28T00:00:00,0.000,0.000,0.000,0.000,0.000
2021-03-29T00:00:00,0.274,0.000,0.000,0.452,1.719
2021-03-30T00:00:00,0.064,0.225,7.504,1.546,11.130
2021-03-31T00:00:00,0.344,0.043,9.507,3.680,2.109
2021-04-01T00:00:00,0.514,0.430,6.085,6.666,4.524
2021-04-02T00:00:00,1.340,3.033,2.050,8.238,0.794
2021-04-03T00:00:00,0.712,0.070,0.100,2.044,0.289
2021-04-04T00:00:00,0.160,0.314,0.620,0.126,1.405
2021-04-05T00:00:00,0.457,0.055,0.985,0.506,0.761
2021-04-06T00:00:00,0.013,0.007,0.000,0.014,0.170
2021-04-07T00:00:00,0.279,0.007,0.006,0.317,0.000
2021-04-08T00:00:00,0.213,0.169,1.917,0.649,1.313
2021-04-09T00:00:00,0.058,0.043,1.809,1.113,8.941
2021-04-10T00:00:00,0.221,0.305,0.315,1.674,2.696
2021-04-11T00:00:00,0.196,0.151,4.993,8.491,1.894
2021-04-12T00:00:00,0.039,0.126,0.222,1.265,0.608
2021-04-13T00:00:00,0.145,0.591,0.595,0.294,2.764
2021-04-14T00:00:00,0.891,0.414,3.643,5.146,2.793
2021-04-15T00:00:00,0.000,0.225,0.479,0.034,0.296
2021-04-16T00:00:00,0.793,0.099,1.464,2.699,0.829
2021-04-17T00:00:00,0.079,1.351,11.286,1.555,26.144
2021-04-18T00:00:00,0.237,2.495,1.365,0.871,2.741
2021-04-19T00:00:00,0.514,2.111,8.095,3.129,18.022
2021-04-20T00:00:00,0.319,0.368,0.803,2.944,4.612
2021-04-21T00:00:00,0.569,0.000,0.402,1.833,0.215
2021-04-22T00:00:00,0.129,2.506,1.353,0.255,1.187
2021-04-23T00:00:00,0.165,3.850,0.539,2.382,5.577
2021-04-24T00:00:00,0.001,0.110,0.000,0.018,0.000
2021-04-25T00:00:00,0.010,0.185,0.000,0.006,0.002
2021-04-26T00:00:00,1.508,0.488,0.642,1.882,2.298
2021-04-27T00:00:00,0.631,0.183,0.802,1.373,1.719
2021-04-28T00:00:00,0.412,0.001,4.509,0.517,1.385
2021-04-29T00:00:00,0.552,0.382,2.520,0.365,7.811
2021-04-30T00:00:00,0.004,0.183,0.018,0.000,1.523
2021-05-01T00:00:00,0.329,0.646,0.746,0.025,3.664
2021-05-02T00:00:00,8.694,0.887,2.505,2.867,5.019
2021-05-03T00:00:00,6.508,1.330,4.216,0.560,2.158
2021-05-04T00:00:00,1.087,0.764,12.613,1.234,23.353
2021-05-05T00:00:00,1.345,1.375,1.743,2.445,5.937
2021-05-06T00:00:00,2.634,3.021,9.299,4.147,13.446
2021-05-07T00:00:00,1.243,2.143,3.087,0.428,9.814
2021-05-08T00:00:00,0.382,0.541,3.147,0.272,6.918
2021-05-09T00:00:00,1.530,0.214,1.254,0.852,6.448
2021-05-10T00:00:00,2.676,0.481,0.863,3.515,0.885
2021-05-11T00:00:00,8.099,4.976,7.038,5.648,7.035
2021-05-12T00:00:00,6.122,3.607,9.209,4.326,8.027
2021-05-13T00:00:00,2.423,3.071,11.443,1.949,7.695
2021-05-14T00:00:00,1.746,1.938,6.725,11.745,2.620
2021-05-15T00:00:00,1.875,0.752,5.767,17.504,10.343
2021-05-16T00:00:00,0.342,0.091,3.667,7.010,3.336
2021-05-17T00:00:00,0.048,0.284,5.867,2.065,11.175
2021-05-18T00:00:00,0.038,0.431,2.164,1.483,9.337
2021-05-19T00:00:00,2.104,0.432,11.019,9.566,6.126
2021-05-20T00:00:00,1.472,0.516,8.028,20.350,0.977
2021-05-21T00:00:00,0.692,2.003,6.584,16.361,5.246
2021-05-22T00:00:00,0.262,0.397,2.471,10.377,2.317
2021-05-23T00:00:00,0.116,0.010,0.991,4.568,2.250
2021-05-24T00:00:00,0.027,0.128,0.040,0.085,0.000
2021-05-25T00:00:00,0.302,0.106,4.688,2.311,9.067
2021-05-26T00:00:00,0.692,0.424,2.164,0.543,5.166
2021-05-27T00:00:00,4.243,2.712,5.851,5.213,18.140
2021-05-28T00:00:00,4.545,9.059,3.644,1.355,25.306
2021-05-29T00:00:00,1.897,7.851,0.822,0.766,13.578
2021-05-30T00:00:00,2.524,10.174,3.461,5.515,6.859
2021-05-31T00:00:00,5.020,0.952,10.321,23.954,9.927
2021-06-01T00:00:00,1.685,0.572,10.897,10.088,14.631
2021-06-02T00:00:00,1.733,0.744,3.008,9.002,2.544
2021-06-03T00:00:00,0.659,0.153,4.790,14.101,5.463
2021-06-04T00:00:00,1.205,0.021,2.417,9.532,0.791
2021-06-05T00:00:00,5.457,0.195,16.068,16.728,11.646
2021-06-06T00:00:00,2.701,2.731,16.185,12.656,23.350
2021-06-07T00:00:00,5.898,2.783,20.027,9.977,25.849
2021-06-08T00:00:00,11.726,3.313,17.129,18.736,12.229
2021-06-09T00:00:00,8.191,2.407,13.535,16.583,27.439
2021-06-10T00:00:00,1.034,0.959,2.836,1.118,3.769
2021-06-11T00:00:00,0.649,2.866,6.337,7.850,4.510
2021-06-12T00:00:00,1.655,1.162,3.910,0.141,7.906
2021-06-13T00:00:00,1.931,4.973,6.711,0.715,9.602
2021-06-14T00:00:00,1.676,3.355,10.990,4.859,3.732
2021-06-15T00:00:00,0.627,3.867,12.898,14.239,11.683
2021-06-16T00:00:00,0.417,10.625,7.462,4.195,10.653
2021-06-17T00:00:00,0.295,3.326,2.477,4.034,18.561
2021-06-18T00:00:00,0.493,3.422,11.026,6.056,20.327
2021-06-19T00:00:00,0.445,2.397,5.446,14.319,16.523
2021-06-20T00:00:00,1.294,3.504,9.068,18.079,22.625
2021-06-21T00:00:00,1.963,3.450,6.596,8.659,11.874
2021-06-22T00:00:00,1.523,2.032,1.622,2.380,1.430
2021-06-23T00:00:00,2.156,0.646,10.491,11.132,9.197
2021-06-24T00:00:00,1.870,3.021,8.374,12.640,3.429
2021-06-25T00:00:00,2.568,2.939,1.756,11.764,4.581
2021-06-26T00:00:00,0.873,2.729,4.173,6.380,11.880
2021-06-27T00:00:00,1.984,1.048,3.292,15.223,26.023
2021-06-28T00:00:00,1.794,4.729,5.246,26.956,14.861
2021-06-29T00:00:00,1.571,4.604,4.248,9.454,15.200
2021-06-30T00:00:00,5.048,0.917,15.347,13.081,39.060
2021-07-01T00:00:00,3.475,4.076,4.739,12.399,24.387
2021-07-02T00:00:00,6.579,4.335,6.357,14.527,23.467
2021-07-03T00:00:00,7.708,3.511,5.006,11.453,26.841
2021-07-04T00:00:00,3.392,2.877,10.096,10.877,27.977
2021-07-05T00:00:00,9.074,8.696,6.946,6.125,15.775
2021-07-06T00:00:00,7.791,3.992,3.125,8.870,2.104
2021-07-07T00:00:00,0.856,1.185,8.497,4.952,9.953
2021-07-08T00:00:00,3.045,0.753,13.120,5.592,17.070
2021-07-09T00:00:00,6.217,5.302,0.842,1.754,2.766
2021-07-10T00:00:00,9.438,3.459,25.017,19.665,2.600
2021-07-11T00:00:00,5.866,4.742,4.375,7.393,8.606
2021-07-12T00:00:00,0.507,1.906,1.914,0.909,8.273
2021-07-13T00:00:00,0.340,4.370,13.960,4.723,9.884
2021-07-14T00:00:00,2.019,7.018,15.403,5.964,18.338
2021-07-15T00:00:00,2.233,5.233,4.090,10.536,10.733
2021-07-16T00:00:00,3.126,5.339,3.805,3.141,12.937
2021-07-17T00:00:00,2.110,5.134,12.528,8.840,32.116
2021-07-18T00:00:00,17.152,12.103,7.525,11.961,10.721
2021-07-19T00:00:00,12.576,7.062,7.589,6.301,13.091
2021-07-20T00:00:00,2.484,2.528,6.949,1.469,11.065
2021-07-21T00:00:00,6.701,6.003,5.984,0.867,12.434
2021-07-22T00:00:00,9.075,6.414,12.094,3.849,11.770
2021-07-23T00:00:00,1.016,5.952,5.887,3.585,4.395
2021-07-24T00:00:00,0.636,2.698,1.936,1.972,9.379
2021-07-25T00:00:00,2.122,1.989,2.832,6.091,2.229
2021-07-26T00:00:00,9.741,4.616,2.029,14.798,8.821
2021-07-27T00:00:00,13.071,13.902,15.562,9.100,11.948
2021-07-28T00:00:00,4.069,1.906,4.038,4.496,6.855
2021-07-29T00:00:00,6.375,9.416,9.933,3.744,18.778
2021-07-30T00:00:00,13.163,5.702,12.865,19.363,19.623
2021-07-31T00:00:00,3.140,4.368,13.418,4.213,28.574
2021-08-01T00:00:00,2.665,1.477,10.221,25.158,12.887
2021-08-02T00:00:00,0.181,0.488,6.087,0.795,25.819
2021-08-03T00:00:00,4.303,0.514,3.651,4.021,9.608
2021-08-04T00:00:00,5.032,7.028,3.833,0.904,17.194
2021-08-05T00:00:00,4.613,7.934,1.581,1.390,3.434
2021-08-06T00:00:00,3.373,7.033,3.999,2.471,1.086
2021-08-07T00:00:00,3.399,6.983,11.415,11.197,5.516
2021-08-08T00:00:00,1.238,1.484,4.938,15.201,7.437
2021-08-09T00:00:00,2.048,3.958,1.778,5.054,7.244
2021-08-10T00:00:00,1.519,3.129,6.269,16.402,17.955
2021-08-11T00:00:00,1.738,2.112,5.541,7.430,18.006
2021-08-12T00:00:00,4.963,2.869,17.689,23.350,20.706
2021-08-13T00:00:00,4.505,3.627,4.436,33.736,12.375
2021-08-14T00:00:00,7.413,4.764,6.207,21.178,14.434
2021-08-15T00:00:00,3.680,1.069,4.840,20.812,16.707
2021-08-16T00:00:00,3.733,10.893,2.467,1.705,6.714
2021-08-17T00:00:00,1.699,3.187,5.246,6.122,7.632
2021-08-18T00:00:00,9.680,5.396,7.046,25.638,11.903
2021-08-19T00:00:00,4.805,8.564,4.571,21.443,19.530
2021-08-20T00:00:00,5.178,6.327,7.001,15.207,26.065
2021-08-21T00:00:00,4.817,2.153,1.952,11.052,12.114
2021-08-22T00:00:00,6.759,4.371,3.706,10.820,9.108
2021-08-23T00:00:00,7.469,3.312,10.157,12.703,30.099
2021-08-24T00:00:00,6.839,16.869,7.550,5.831,16.710
2021-08-25T00:00:00,4.040,17.884,5.988,17.013,11.817
2021-08-26T00:00:00,11.567,1.938,13.910,26.248,18.626
2021-08-27T00:00:00,5.069,2.905,15.711,15.400,48.681
2021-08-28T00:00:00,9.004,14.659,3.780,15.569,12.874
2021-08-29T00:00:00,13.979,8.670,3.085,11.709,16.001
2021-08-30T00:00:00,1.803,8.335,2.176,0.825,2.845
2021-08-31T00:00:00,3.622,5.675,10.595,5.759,10.162
2021-09-01T00:00:00,5.101,4.254,3.507,6.739,7.084
2021-09-02T00:00:00,0.786,1.411,25.019,5.600,42.421
2021-09-03T00:00:00,2.140,1.819,9.608,3.282,12.597
2021-09-04T00:00:00,1.522,1.128,0.582,0.534,2.665
2021-09-05T00:00:00,2.240,1.844,2.675,1.551,0.781
2021-09-06T00:00:00,6.220,3.071,0.692,5.243,8.985
2021-09-07T00:00:00,11.744,5.214,31.656,21.507,19.647
2021-09-08T00:00:00,2.428,5.493,4.060,6.157,11.352
2021-09-09T00:00:00,6.595,9.955,11.110,11.517,8.131
2021-09-10T00:00:00,7.578,1.426,3.810,7.570,5.452
2021-09-11T00:00:00,5.802,1.816,2.538,5.715,8.094
2021-09-12T00:00:00,1.835,0.602,0.052,0.775,1.569
2021-09-13T00:00:00,4.904,0.494,0.170,3.223,0.680
2021-09-14T00:00:00,2.618,1.693,1.064,0.975,11.735
2021-09-15T00:00:00,0.962,1.578,0.519,0.240,4.166
2021-09-16T00:00:00,2.592,2.162,2.392,6.824,2.109
2021-09-17T00:00:00,0.506,1.901,10.582,10.013,10.733
2021-09-18T00:00:00,9.157,4.189,7.378,13.151,11.153
2021-09-19T00:00:00,5.788,0.559,9.729,10.646,13.284
2021-09-20T00:00:00,0.000,0.000,0.023,0.026,0.076
2021-09-21T00:00:00,0.000,2.725,4.962,0.024,0.180
2021-09-22T00:00:00,0.009,1.937,9.678,1.901,4.021
2021-09-23T00:00:00,0.994,2.933,3.199,0.581,0.833
2021-09-24T00:00:00,1.718,1.163,1.326,0.304,3.953
2021-09-25T00:00:00,1.953,0.383,0.152,0.859,2.759
2021-09-26T00:00:00,10.239,1.963,2.171,2.116,0.516
2021-09-27T00:00:00,8.880,7.054,2.225,0.663,1.208
2021-09-28T00:00:00,1.368,6.977,1.228,1.382,5.536
2021-09-29T00:00:00,0.017,1.869,6.074,5.951,3.265
2021-09-30T00:00:00,0.108,1.197,2.023,0.177,1.507
2021-10-01T00:00:00,0.003,0.402,0.392,0.067,0.538
2021-10-02T00:00:00,0.214,0.478,2.770,0.036,0.729
2021-10-03T00:00:00,0.330,0.080,3.155,20.570,31.159
2021-10-04T00:00:00,0.827,0.210,6.167,6.487,36.670
2021-10-05T00:00:00,0.233,1.045,4.349,2.462,18.442
2021-10-06T00:00:00,0.070,4.551,4.591,0.277,11.804
2021-10-07T00:00:00,0.241,0.115,0.180,0.279,2.158
2021-10-08T00:00:00,0.001,2.407,4.881,1.409,0.968
2021-10-09T00:00:00,0.013,3.482,0.058,0.003,4.570
2021-10-10T00:00:00,0.005,1.481,0.501,0.006,4.279
2021-10-11T00:00:00,0.000,0.145,0.016,0.024,0.000
2021-10-12T00:00:00,0.000,0.000,0.000,0.000,0.000
2021-10-13T00:00:00,0.000,0.000,0.000,0.000,0.000
2021-10-14T00:00:00,0.000,0.000,0.591,0.057,0.030
2021-10-15T00:00:00,0.000,0.000,0.093,0.000,0.021
2021-10-16T00:00:00,0.000,0.000,0.307,0.098,0.058
2021-10-17T00:00:00,0.218,0.681,1.448,0.971,5.618
2021-10-18T00:00:00,0.003,1.235,0.058,0.215,2.352
2021-10-19T00:00:00,0.606,8.080,6.224,4.796,35.472
2021-10-20T00:00:00,0.857,13.420,18.381,9.451,64.562
2021-10-21T00:00:00,4.729,7.926,15.142,25.866,23.496
2021-10-22T00:00:00,5.926,1.346,2.395,22.049,3.680
2021-10-23T00:00:00,0.007,4.634,0.019,0.171,2.244
2021-10-24T00:00:00,0.000,0.411,0.001,0.000,0.222
2021-10-25T00:00:00,0.000,2.655,0.000,0.000,0.000
2021-10-26T00:00:00,0.003,0.073,0.524,0.228,0.784
2021-10-27T00:00:00,0.004,0.013,0.000,0.038,0.071
2021-10-28T00:00:00,0.027,0.051,0.013,0.196,0.000
2021-10-29T00:00:00,0.078,0.000,0.000,0.218,0.000
2021-10-30T00:00:00,0.000,0.000,0.009,0.000,0.000
2021-10-31T00:00:00,0.000,0.000,0.000,0.000,0.255
2021-11-01T00:00:00,0.016,0.000,0.927,1.150,0.000
2021-11-02T00:00:00,0.050,0.009,0.000,0.142,0.000
2021-11-03T00:00:00,0.031,0.000,0.000,0.029,0.000
2021-11-04T00:00:00,0.000,0.000,0.000,0.000,0.000
2021-11-05T00:00:00,0.003,0.000,0.000,0.032,0.000
2021-11-06T00:00:00,0.000,0.000,0.000,0.000,0.000
2021-11-07T00:00:00,0.000,0.000,0.000,0.000,0.000
2021-11-08T00:00:00,0.000,0.000,0.000,0.000,0.000
2021-11-09T00:00:00,0.000,0.000,0.000,0.000,0.000
2021-11-10T00:00:00,0.000,0.000,0.000,0.000,0.000
2021-11-11T00:00:00,0.000,0.000,0.000,0.000,0.000
2021-11-12T00:00:00,0.000,0.000,0.000,0.000,0.000
2021-11-13T00:00:00,0.000,0.000,0.000,0.000,0.000
2021-11-14T00:00:00,0.000,0.000,0.000,0.000,0.003
2021-11-15T00:00:00,0.000,0.084,0.000,0.001,0.001
2021-11-16T00:00:00,0.000,0.000,0.000,0.009,0.000
2021-11-17T00:00:00,0.000,0.000,0.000,0.000,0.000
2021-11-18T00:00:00,0.000,0.000,0.000,0.000,0.000
2021-11-19T00:00:00,0.000,0.000,0.000,0.000,0.000
2021-11-20T00:00:00,0.000,0.000,0.000,0.000,0.000
2021-11-21T00:00:00,0.000,0.003,0.000,0.000,0.000
2021-11-22T00:00:00,0.096,0.007,0.052,0.244,0.075
2021-11-23T00:00:00,0.077,0.093,1.120,2.035,0.987
2021-11-24T00:00:00,0.013,0.002,0.361,0.655,0.326
2021-11-25T00:00:00,0.000,0.000,0.000,0.117,0.000
2021-11-26T00:00:00,0.000,0.014,0.002,0.002,0.151
2021-11-27T00:00:00,0.000,0.000,0.000,0.000,0.000
2021-11-28T00:00:00,0.000,0.000,0.000,0.000,0.000
2021-11-29T00:00:00,0.000,0.000,0.000,0.000,0.000
2021-11-30T00:00:00,0.025,0.008,0.000,0.000,0.000
2021-12-01T00:00:00,0.000,0.000,0.000,0.000,0.000
2021-12-02T00:00:00,0.000,0.000,0.000,0.000,0.000
2021-12-03T00:00:00,0.084,1.598,0.000,0.029,0.000
2021-12-04T00:00:00,0.802,3.400,0.000,0.286,0.000
2021-12-05T00:00:00,0.519,0.302,0.010,0.254,0.000
2021-12-06T00:00:00,0.015,0.001,0.151,0.001,0.086
2021-12-07T00:00:00,0.051,0.042,0.793,0.042,0.084
2021-12-08T00:00:00,0.042,1.228,1.054,1.687,0.036
2021-12-09T00:00:00,0.000,0.000,0.110,0.012,0.000
2021-12-10T00:00:00,0.000,0.000,0.005,0.000,0.000
2021-12-11T00:00:00,0.118,0.000,1.123,3.809,0.000
2021-12-12T00:00:00,0.000,0.000,0.000,0.194,0.000
2021-12-13T00:00:00,0.000,0.000,0.000,0.000,0.000
2021-12-14T00:00:00,0.000,0.000,0.000,0.000,0.000
2021-12-15T00:00:00,0.000,0.000,0.000,0.000,0.000
2021-12-16T00:00:00,0.000,0.000,0.000,0.000,0.000
2021-12-17T00:00:00,0.000,0.000,0.000,0.000,0.000
2021-12-18T00:00:00,0.000,0.000,0.000,0.000,0.000
2021-12-19T00:00:00,0.000,0.000,0.000,0.000,0.000
2021-12-20T00:00:00,0.000,0.000,0.000,0.000,0.000
2021-12-21T00:00:00,0.000,0.000,0.000,0.000,0.000
2021-12-22T00:00:00,0.007,0.081,0.000,0.000,0.000
2021-12-23T00:00:00,0.072,0.144,1.027,0.010,0.239
2021-12-24T00:00:00,0.000,0.000,0.000,0.000,0.000
2021-12-25T00:00:00,0.177,0.073,0.000,0.047,0.078
2021-12-26T00:00:00,0.135,0.000,0.129,0.028,0.001
2021-12-27T00:00:00,0.078,0.002,0.000,0.017,0.001
2021-12-28T00:00:00,0.120,0.000,0.000,0.026,0.000
2021-12-29T00:00:00,0.153,0.237,0.113,0.022,1.886
2021-12-30T00:00:00,0.009,4.971,0.112,0.002,3.508
2021-12-31T00:00:00,0.161,2.652,0.069,0.399,0.417
2022-01-01T00:00:00,0.003,0.003,0.000,0.329,0.000
